Workbook
Name Fragmentator_Status: #N/A
Name Slicer_Klasa: #N/A

Sheet Lista uczniów_składki
G1: =SUBTOTAL(9,G3:G614) -> 1800 | H1: =SUBTOTAL(9,H3:H614) -> 0 | I1: =SUBTOTAL(9,I3:I614) -> 0 | J1: =SUBTOTAL(9,J3:J614) -> 0 | K1: =SUBTOTAL(9,K3:K614) -> 0 | L1: =SUBTOTAL(9,L3:L614) -> 0 | M1: =SUBTOTAL(9,M3:M614) -> 0 | N1: =SUBTOTAL(9,N3:N614) -> 0 | ... V1: =SUBTOTAL(9,V3:V614) -> -10080
A2: Nazwisko | B2: Imię | C2: Klasa | D2: Czy idzie? | E2: Osoba towarzysząca? | F2: Numer kontaktowy rodzica | G2: 2025 | H2: Sty | I2: Lut | J2: Mar | K2: Kwi | L2: Maj | M2: Cze | N2: Lip | O2: Sie | P2: Wrz | Q2: Paź | R2: Lis | S2: Gru | T2: Razem | U2: Winno byc | V2: Delta | W2: Status | X2: Komentarz
A3: Rząsowska | B3: Daria | C3: 3E | D3: Tak | E3: Tak | G3: 50 | T3: =SUM(G3:S3) -> 50 | U3: =IF(Table2[[#This Row],[Nazwisko]]="","",IF(AND(D3="Nie",E3="Nie"),0,IF(AND(D3="Tak",E3="Nie"),Podsumowanie!$B$19,Podsumowanie!$C$19))) -> 700 | V3: =IFERROR(T3-U3,"") -> -650 | W3: =IF(OR(A3="",V3=0),"",IF(OR(V3>-0.01,V3=0),"OK","NOK")) -> NOK | Z3: =Table2[[#This Row],[Nazwisko]]&Table2[[#This Row],[Imię]] -> RząsowskaDaria | AA3: =COUNTIF(Z3:$Z$275,Z3) -> 1
A4: Szwejda | B4: Martyna | C4: 3E | D4: Tak | E4: Tak | G4: 50 | T4: =SUM(G4:S4) -> 50 | U4: =IF(Table2[[#This Row],[Nazwisko]]="","",IF(AND(D4="Nie",E4="Nie"),0,IF(AND(D4="Tak",E4="Nie"),Podsumowanie!$B$19,Podsumowanie!$C$19))) -> 700 | V4: =IFERROR(T4-U4,"") -> -650 | W4: =IF(OR(A4="",V4=0),"",IF(OR(V4>-0.01,V4=0),"OK","NOK")) -> NOK | Z4: =Table2[[#This Row],[Nazwisko]]&Table2[[#This Row],[Imię]] -> SzwejdaMartyna | AA4: =COUNTIF(Z4:$Z$275,Z4) -> 1
A5: Surosz | B5: Mikołaj | C5: 3D1 | D5: Tak | E5: Nie | G5: 50 | Q5: 200 | T5: =SUM(G5:S5) -> 250 | U5: =IF(Table2[[#This Row],[Nazwisko]]="","",IF(AND(D5="Nie",E5="Nie"),0,IF(AND(D5="Tak",E5="Nie"),Podsumowanie!$B$19,Podsumowanie!$C$19))) -> 430 | V5: =IFERROR(T5-U5,"") -> -180 | W5: =IF(OR(A5="",V5=0),"",IF(OR(V5>-0.01,V5=0),"OK","NOK")) -> NOK | Z5: =Table2[[#This Row],[Nazwisko]]&Table2[[#This Row],[Imię]] -> SuroszMikołaj | AA5: =COUNTIF(Z5:$Z$275,Z5) -> 1
A6: Hofman | B6: Aleksandra | C6: 3E | D6: Tak | E6: Tak | G6: 50 | T6: =SUM(G6:S6) -> 50 | U6: =IF(Table2[[#This Row],[Nazwisko]]="","",IF(AND(D6="Nie",E6="Nie"),0,IF(AND(D6="Tak",E6="Nie"),Podsumowanie!$B$19,Podsumowanie!$C$19))) -> 700 | V6: =IFERROR(T6-U6,"") -> -650 | W6: =IF(OR(A6="",V6=0),"",IF(OR(V6>-0.01,V6=0),"OK","NOK")) -> NOK | Z6: =Table2[[#This Row],[Nazwisko]]&Table2[[#This Row],[Imię]] -> HofmanAleksandra | AA6: =COUNTIF(Z6:$Z$275,Z6) -> 1
A7: Dworak | B7: Patrycja | C7: 3E | D7: Tak | E7: Tak | G7: 50 | T7: =SUM(G7:S7) -> 50 | U7: =IF(Table2[[#This Row],[Nazwisko]]="","",IF(AND(D7="Nie",E7="Nie"),0,IF(AND(D7="Tak",E7="Nie"),Podsumowanie!$B$19,Podsumowanie!$C$19))) -> 700 | V7: =IFERROR(T7-U7,"") -> -650 | W7: =IF(OR(A7="",V7=0),"",IF(OR(V7>-0.01,V7=0),"OK","NOK")) -> NOK | Z7: =Table2[[#This Row],[Nazwisko]]&Table2[[#This Row],[Imię]] -> DworakPatrycja | AA7: =COUNTIF(Z7:$Z$275,Z7) -> 1
A8: Krzyszkowska | B8: Lena | C8: 3D1 | D8: Tak | E8: Tak | G8: 50 | Q8: 200 | T8: =SUM(G8:S8) -> 250 | U8: =IF(Table2[[#This Row],[Nazwisko]]="","",IF(AND(D8="Nie",E8="Nie"),0,IF(AND(D8="Tak",E8="Nie"),Podsumowanie!$B$19,Podsumowanie!$C$19))) -> 700 | V8: =IFERROR(T8-U8,"") -> -450 | W8: =IF(OR(A8="",V8=0),"",IF(OR(V8>-0.01,V8=0),"OK","NOK")) -> NOK | Z8: =Table2[[#This Row],[Nazwisko]]&Table2[[#This Row],[Imię]] -> KrzyszkowskaLena | AA8: =COUNTIF(Z8:$Z$275,Z8) -> 1
A9: Alama | B9: Aleksandra | C9: 3E | D9: Tak | E9: Tak | G9: 50 | T9: =SUM(G9:S9) -> 50 | U9: =IF(Table2[[#This Row],[Nazwisko]]="","",IF(AND(D9="Nie",E9="Nie"),0,IF(AND(D9="Tak",E9="Nie"),Podsumowanie!$B$19,Podsumowanie!$C$19))) -> 700 | V9: =IFERROR(T9-U9,"") -> -650 | W9: =IF(OR(A9="",V9=0),"",IF(OR(V9>-0.01,V9=0),"OK","NOK")) -> NOK | Z9: =Table2[[#This Row],[Nazwisko]]&Table2[[#This Row],[Imię]] -> AlamaAleksandra | AA9: =COUNTIF(Z9:$Z$275,Z9) -> 1
A10: Półrola | B10: Alan | C10: 3D1 | D10: Tak | E10: Nie | G10: 50 | Q10: 200 | T10: =SUM(G10:S10) -> 250 | U10: =IF(Table2[[#This Row],[Nazwisko]]="","",IF(AND(D10="Nie",E10="Nie"),0,IF(AND(D10="Tak",E10="Nie"),Podsumowanie!$B$19,Podsumowanie!$C$19))) -> 430 | V10: =IFERROR(T10-U10,"") -> -180 | W10: =IF(OR(A10="",V10=0),"",IF(OR(V10>-0.01,V10=0),"OK","NOK")) -> NOK | Z10: =Table2[[#This Row],[Nazwisko]]&Table2[[#This Row],[Imię]] -> PółrolaAlan | AA10: =COUNTIF(Z10:$Z$275,Z10) -> 1
A11: Berski | B11: Jakub | C11: 3D1 | D11: Tak | E11: Tak | G11: 50 | Q11: 200 | T11: =SUM(G11:S11) -> 250 | U11: =IF(Table2[[#This Row],[Nazwisko]]="","",IF(AND(D11="Nie",E11="Nie"),0,IF(AND(D11="Tak",E11="Nie"),Podsumowanie!$B$19,Podsumowanie!$C$19))) -> 700 | V11: =IFERROR(T11-U11,"") -> -450 | W11: =IF(OR(A11="",V11=0),"",IF(OR(V11>-0.01,V11=0),"OK","NOK")) -> NOK | Z11: =Table2[[#This Row],[Nazwisko]]&Table2[[#This Row],[Imię]] -> BerskiJakub | AA11: =COUNTIF(Z11:$Z$275,Z11) -> 1
A12: Ciupa | B12: Weronika | C12: 3E | D12: Tak | E12: Tak | G12: 50 | T12: =SUM(G12:S12) -> 50 | U12: =IF(Table2[[#This Row],[Nazwisko]]="","",IF(AND(D12="Nie",E12="Nie"),0,IF(AND(D12="Tak",E12="Nie"),Podsumowanie!$B$19,Podsumowanie!$C$19))) -> 700 | V12: =IFERROR(T12-U12,"") -> -650 | W12: =IF(OR(A12="",V12=0),"",IF(OR(V12>-0.01,V12=0),"OK","NOK")) -> NOK | Z12: =Table2[[#This Row],[Nazwisko]]&Table2[[#This Row],[Imię]] -> CiupaWeronika | AA12: =COUNTIF(Z12:$Z$275,Z12) -> 1
A13: Zawalska | B13: Zofia | C13: 3D1 | D13: Tak | E13: Nie | G13: 50 | Q13: 200 | T13: =SUM(G13:S13) -> 250 | U13: =IF(Table2[[#This Row],[Nazwisko]]="","",IF(AND(D13="Nie",E13="Nie"),0,IF(AND(D13="Tak",E13="Nie"),Podsumowanie!$B$19,Podsumowanie!$C$19))) -> 430 | V13: =IFERROR(T13-U13,"") -> -180 | W13: =IF(OR(A13="",V13=0),"",IF(OR(V13>-0.01,V13=0),"OK","NOK")) -> NOK | Z13: =Table2[[#This Row],[Nazwisko]]&Table2[[#This Row],[Imię]] -> ZawalskaZofia | AA13: =COUNTIF(Z13:$Z$275,Z13) -> 1
A14: Rosik | B14: Roksana | C14: 3E | D14: Tak | E14: Tak | G14: 50 | T14: =SUM(G14:S14) -> 50 | U14: =IF(Table2[[#This Row],[Nazwisko]]="","",IF(AND(D14="Nie",E14="Nie"),0,IF(AND(D14="Tak",E14="Nie"),Podsumowanie!$B$19,Podsumowanie!$C$19))) -> 700 | V14: =IFERROR(T14-U14,"") -> -650 | W14: =IF(OR(A14="",V14=0),"",IF(OR(V14>-0.01,V14=0),"OK","NOK")) -> NOK | Z14: =Table2[[#This Row],[Nazwisko]]&Table2[[#This Row],[Imię]] -> RosikRoksana | AA14: =COUNTIF(Z14:$Z$275,Z14) -> 1
A15: Warda | B15: Wiktoria | C15: 3B | D15: Tak | E15: Tak | G15: 50 | Q15: 200 | T15: =SUM(G15:S15) -> 250 | U15: =IF(Table2[[#This Row],[Nazwisko]]="","",IF(AND(D15="Nie",E15="Nie"),0,IF(AND(D15="Tak",E15="Nie"),Podsumowanie!$B$19,Podsumowanie!$C$19))) -> 700 | V15: =IFERROR(T15-U15,"") -> -450 | W15: =IF(OR(A15="",V15=0),"",IF(OR(V15>-0.01,V15=0),"OK","NOK")) -> NOK | Z15: =Table2[[#This Row],[Nazwisko]]&Table2[[#This Row],[Imię]] -> WardaWiktoria | AA15: =COUNTIF(Z15:$Z$275,Z15) -> 1
A16: Kozłowski | B16: Seweryn | C16: 3B | D16: Tak | E16: Tak | G16: 50 | Q16: 300 | T16: =SUM(G16:S16) -> 350 | U16: =IF(Table2[[#This Row],[Nazwisko]]="","",IF(AND(D16="Nie",E16="Nie"),0,IF(AND(D16="Tak",E16="Nie"),Podsumowanie!$B$19,Podsumowanie!$C$19))) -> 700 | V16: =IFERROR(T16-U16,"") -> -350 | W16: =IF(OR(A16="",V16=0),"",IF(OR(V16>-0.01,V16=0),"OK","NOK")) -> NOK | Z16: =Table2[[#This Row],[Nazwisko]]&Table2[[#This Row],[Imię]] -> KozłowskiSeweryn | AA16: =COUNTIF(Z16:$Z$275,Z16) -> 1
A17: Nita | B17: Oliwia | C17: 3D1 | D17: Tak | E17: Nie | G17: 50 | Q17: 200 | T17: =SUM(G17:S17) -> 250 | U17: =IF(Table2[[#This Row],[Nazwisko]]="","",IF(AND(D17="Nie",E17="Nie"),0,IF(AND(D17="Tak",E17="Nie"),Podsumowanie!$B$19,Podsumowanie!$C$19))) -> 430 | V17: =IFERROR(T17-U17,"") -> -180 | W17: =IF(OR(A17="",V17=0),"",IF(OR(V17>-0.01,V17=0),"OK","NOK")) -> NOK | Z17: =Table2[[#This Row],[Nazwisko]]&Table2[[#This Row],[Imię]] -> NitaOliwia | AA17: =COUNTIF(Z17:$Z$275,Z17) -> 1
A18: Bergier | B18: Natalia | C18: 3B | D18: Tak | E18: Nie | G18: 50 | Q18: 100 | T18: =SUM(G18:S18) -> 150 | U18: =IF(Table2[[#This Row],[Nazwisko]]="","",IF(AND(D18="Nie",E18="Nie"),0,IF(AND(D18="Tak",E18="Nie"),Podsumowanie!$B$19,Podsumowanie!$C$19))) -> 430 | V18: =IFERROR(T18-U18,"") -> -280 | W18: =IF(OR(A18="",V18=0),"",IF(OR(V18>-0.01,V18=0),"OK","NOK")) -> NOK | Z18: =Table2[[#This Row],[Nazwisko]]&Table2[[#This Row],[Imię]] -> BergierNatalia | AA18: =COUNTIF(Z18:$Z$275,Z18) -> 1
A19: Janusz | B19: Magda | C19: 3B | D19: Tak | E19: Tak | G19: 50 | Q19: 200 | T19: =SUM(G19:S19) -> 250 | U19: =IF(Table2[[#This Row],[Nazwisko]]="","",IF(AND(D19="Nie",E19="Nie"),0,IF(AND(D19="Tak",E19="Nie"),Podsumowanie!$B$19,Podsumowanie!$C$19))) -> 700 | V19: =IFERROR(T19-U19,"") -> -450 | W19: =IF(OR(A19="",V19=0),"",IF(OR(V19>-0.01,V19=0),"OK","NOK")) -> NOK | Z19: =Table2[[#This Row],[Nazwisko]]&Table2[[#This Row],[Imię]] -> JanuszMagda | AA19: =COUNTIF(Z19:$Z$275,Z19) -> 1
A20: Raczyńska | B20: Maja | C20: 3B | D20: Tak | E20: Tak | G20: 50 | Q20: 100 | T20: =SUM(G20:S20) -> 150 | U20: =IF(Table2[[#This Row],[Nazwisko]]="","",IF(AND(D20="Nie",E20="Nie"),0,IF(AND(D20="Tak",E20="Nie"),Podsumowanie!$B$19,Podsumowanie!$C$19))) -> 700 | V20: =IFERROR(T20-U20,"") -> -550 | W20: =IF(OR(A20="",V20=0),"",IF(OR(V20>-0.01,V20=0),"OK","NOK")) -> NOK | Z20: =Table2[[#This Row],[Nazwisko]]&Table2[[#This Row],[Imię]] -> RaczyńskaMaja | AA20: =COUNTIF(Z20:$Z$275,Z20) -> 1
A21: Mordak | B21: Nikola | C21: 3B | D21: Tak | E21: Nie | G21: 50 | T21: =SUM(G21:S21) -> 50 | U21: =IF(Table2[[#This Row],[Nazwisko]]="","",IF(AND(D21="Nie",E21="Nie"),0,IF(AND(D21="Tak",E21="Nie"),Podsumowanie!$B$19,Podsumowanie!$C$19))) -> 430 | V21: =IFERROR(T21-U21,"") -> -380 | W21: =IF(OR(A21="",V21=0),"",IF(OR(V21>-0.01,V21=0),"OK","NOK")) -> NOK | Z21: =Table2[[#This Row],[Nazwisko]]&Table2[[#This Row],[Imię]] -> MordakNikola | AA21: =COUNTIF(Z21:$Z$275,Z21) -> 1
A22: Barnaś | B22: Iga | C22: 3B | D22: Tak | E22: Tak | G22: 50 | Q22: 100 | T22: =SUM(G22:S22) -> 150 | U22: =IF(Table2[[#This Row],[Nazwisko]]="","",IF(AND(D22="Nie",E22="Nie"),0,IF(AND(D22="Tak",E22="Nie"),Podsumowanie!$B$19,Podsumowanie!$C$19))) -> 700 | V22: =IFERROR(T22-U22,"") -> -550 | W22: =IF(OR(A22="",V22=0),"",IF(OR(V22>-0.01,V22=0),"OK","NOK")) -> NOK | Z22: =Table2[[#This Row],[Nazwisko]]&Table2[[#This Row],[Imię]] -> BarnaśIga | AA22: =COUNTIF(Z22:$Z$275,Z22) -> 1
A23: Palka | B23: Daria | C23: 3B | D23: Tak | E23: Tak | G23: 50 | Q23: 100 | T23: =SUM(G23:S23) -> 150 | U23: =IF(Table2[[#This Row],[Nazwisko]]="","",IF(AND(D23="Nie",E23="Nie"),0,IF(AND(D23="Tak",E23="Nie"),Podsumowanie!$B$19,Podsumowanie!$C$19))) -> 700 | V23: =IFERROR(T23-U23,"") -> -550 | W23: =IF(OR(A23="",V23=0),"",IF(OR(V23>-0.01,V23=0),"OK","NOK")) -> NOK | Z23: =Table2[[#This Row],[Nazwisko]]&Table2[[#This Row],[Imię]] -> PalkaDaria | AA23: =COUNTIF(Z23:$Z$275,Z23) -> 1
A24: Proszowska | B24: Katarzyna | C24: 3D1 | D24: Tak | E24: Tak | G24: 50 | Q24: 200 | T24: =SUM(G24:S24) -> 250 | U24: =IF(Table2[[#This Row],[Nazwisko]]="","",IF(AND(D24="Nie",E24="Nie"),0,IF(AND(D24="Tak",E24="Nie"),Podsumowanie!$B$19,Podsumowanie!$C$19))) -> 700 | V24: =IFERROR(T24-U24,"") -> -450 | W24: =IF(OR(A24="",V24=0),"",IF(OR(V24>-0.01,V24=0),"OK","NOK")) -> NOK | Z24: =Table2[[#This Row],[Nazwisko]]&Table2[[#This Row],[Imię]] -> ProszowskaKatarzyna | AA24: =COUNTIF(Z24:$Z$275,Z24) -> 1
A25: Pietruszyńska | B25: Maja | C25: 3B | D25: Tak | E25: Tak | G25: 50 | Q25: 400 | T25: =SUM(G25:S25) -> 450 | U25: =IF(Table2[[#This Row],[Nazwisko]]="","",IF(AND(D25="Nie",E25="Nie"),0,IF(AND(D25="Tak",E25="Nie"),Podsumowanie!$B$19,Podsumowanie!$C$19))) -> 700 | V25: =IFERROR(T25-U25,"") -> -250 | W25: =IF(OR(A25="",V25=0),"",IF(OR(V25>-0.01,V25=0),"OK","NOK")) -> NOK | Z25: =Table2[[#This Row],[Nazwisko]]&Table2[[#This Row],[Imię]] -> PietruszyńskaMaja | AA25: =COUNTIF(Z25:$Z$275,Z25) -> 1
A26: Winkler | B26: Julia | C26: 3D1 | D26: Tak | E26: Nie | G26: 50 | Q26: 200 | T26: =SUM(G26:S26) -> 250 | U26: =IF(Table2[[#This Row],[Nazwisko]]="","",IF(AND(D26="Nie",E26="Nie"),0,IF(AND(D26="Tak",E26="Nie"),Podsumowanie!$B$19,Podsumowanie!$C$19))) -> 430 | V26: =IFERROR(T26-U26,"") -> -180 | W26: =IF(OR(A26="",V26=0),"",IF(OR(V26>-0.01,V26=0),"OK","NOK")) -> NOK | Z26: =Table2[[#This Row],[Nazwisko]]&Table2[[#This Row],[Imię]] -> WinklerJulia | AA26: =COUNTIF(Z26:$Z$275,Z26) -> 1
A27: Guszkiewicz | B27: Maja | C27: 3D1 | D27: Tak | E27: Tak | G27: 50 | Q27: 650 | T27: =SUM(G27:S27) -> 700 | U27: =IF(Table2[[#This Row],[Nazwisko]]="","",IF(AND(D27="Nie",E27="Nie"),0,IF(AND(D27="Tak",E27="Nie"),Podsumowanie!$B$19,Podsumowanie!$C$19))) -> 700 | V27: =IFERROR(T27-U27,"") -> 0 | W27: =IF(OR(A27="",V27=0),"",IF(OR(V27>-0.01,V27=0),"OK","NOK")) | Z27: =Table2[[#This Row],[Nazwisko]]&Table2[[#This Row],[Imię]] -> GuszkiewiczMaja | AA27: =COUNTIF(Z27:$Z$275,Z27) -> 1
A28: Buliński | B28: Maciej | C28: 3D1 | D28: Tak | E28: Nie | G28: 50 | Q28: 200 | T28: =SUM(G28:S28) -> 250 | U28: =IF(Table2[[#This Row],[Nazwisko]]="","",IF(AND(D28="Nie",E28="Nie"),0,IF(AND(D28="Tak",E28="Nie"),Podsumowanie!$B$19,Podsumowanie!$C$19))) -> 430 | V28: =IFERROR(T28-U28,"") -> -180 | W28: =IF(OR(A28="",V28=0),"",IF(OR(V28>-0.01,V28=0),"OK","NOK")) -> NOK | Z28: =Table2[[#This Row],[Nazwisko]]&Table2[[#This Row],[Imię]] -> BulińskiMaciej | AA28: =COUNTIF(Z28:$Z$275,Z28) -> 1
A29: Pietras | B29: Zuzanna | C29: 3D1 | D29: Tak | E29: Nie | G29: 50 | Q29: 200 | T29: =SUM(G29:S29) -> 250 | U29: =IF(Table2[[#This Row],[Nazwisko]]="","",IF(AND(D29="Nie",E29="Nie"),0,IF(AND(D29="Tak",E29="Nie"),Podsumowanie!$B$19,Podsumowanie!$C$19))) -> 430 | V29: =IFERROR(T29-U29,"") -> -180 | W29: =IF(OR(A29="",V29=0),"",IF(OR(V29>-0.01,V29=0),"OK","NOK")) -> NOK | Z29: =Table2[[#This Row],[Nazwisko]]&Table2[[#This Row],[Imię]] -> PietrasZuzanna | AA29: =COUNTIF(Z29:$Z$275,Z29) -> 1
A30: Sitek | B30: Szymon | C30: 3D1 | D30: Tak | E30: Tak | G30: 50 | Q30: 200 | T30: =SUM(G30:S30) -> 250 | U30: =IF(Table2[[#This Row],[Nazwisko]]="","",IF(AND(D30="Nie",E30="Nie"),0,IF(AND(D30="Tak",E30="Nie"),Podsumowanie!$B$19,Podsumowanie!$C$19))) -> 700 | V30: =IFERROR(T30-U30,"") -> -450 | W30: =IF(OR(A30="",V30=0),"",IF(OR(V30>-0.01,V30=0),"OK","NOK")) -> NOK | Z30: =Table2[[#This Row],[Nazwisko]]&Table2[[#This Row],[Imię]] -> SitekSzymon | AA30: =COUNTIF(Z30:$Z$275,Z30) -> 1
A31: Wałachowska | B31: Nikola | C31: 3B | D31: Tak | E31: Nie | G31: 50 | Q31: 100 | T31: =SUM(G31:S31) -> 150 | U31: =IF(Table2[[#This Row],[Nazwisko]]="","",IF(AND(D31="Nie",E31="Nie"),0,IF(AND(D31="Tak",E31="Nie"),Podsumowanie!$B$19,Podsumowanie!$C$19))) -> 430 | V31: =IFERROR(T31-U31,"") -> -280 | W31: =IF(OR(A31="",V31=0),"",IF(OR(V31>-0.01,V31=0),"OK","NOK")) -> NOK | Z31: =Table2[[#This Row],[Nazwisko]]&Table2[[#This Row],[Imię]] -> WałachowskaNikola | AA31: =COUNTIF(Z31:$Z$275,Z31) -> 1
A32: Czubaj | B32: Paulina | C32: 3B | D32: Tak | E32: Tak | G32: 50 | Q32: 200 | T32: =SUM(G32:S32) -> 250 | U32: =IF(Table2[[#This Row],[Nazwisko]]="","",IF(AND(D32="Nie",E32="Nie"),0,IF(AND(D32="Tak",E32="Nie"),Podsumowanie!$B$19,Podsumowanie!$C$19))) -> 700 | V32: =IFERROR(T32-U32,"") -> -450 | W32: =IF(OR(A32="",V32=0),"",IF(OR(V32>-0.01,V32=0),"OK","NOK")) -> NOK | Z32: =Table2[[#This Row],[Nazwisko]]&Table2[[#This Row],[Imię]] -> CzubajPaulina | AA32: =COUNTIF(Z32:$Z$275,Z32) -> 1
A33: Błachowicz | B33: Pola | C33: 3B | D33: Tak | E33: Tak | G33: 50 | Q33: 200 | T33: =SUM(G33:S33) -> 250 | U33: =IF(Table2[[#This Row],[Nazwisko]]="","",IF(AND(D33="Nie",E33="Nie"),0,IF(AND(D33="Tak",E33="Nie"),Podsumowanie!$B$19,Podsumowanie!$C$19))) -> 700 | V33: =IFERROR(T33-U33,"") -> -450 | W33: =IF(OR(A33="",V33=0),"",IF(OR(V33>-0.01,V33=0),"OK","NOK")) -> NOK | Z33: =Table2[[#This Row],[Nazwisko]]&Table2[[#This Row],[Imię]] -> BłachowiczPola | AA33: =COUNTIF(Z33:$Z$275,Z33) -> 1
A34: Kowalczyk | B34: Julia | C34: 3C | D34: Tak | E34: Tak | G34: 50 | P34: 100 | Q34: 200 | T34: =SUM(G34:S34) -> 350 | U34: =IF(Table2[[#This Row],[Nazwisko]]="","",IF(AND(D34="Nie",E34="Nie"),0,IF(AND(D34="Tak",E34="Nie"),Podsumowanie!$B$19,Podsumowanie!$C$19))) -> 700 | V34: =IFERROR(T34-U34,"") -> -350 | W34: =IF(OR(A34="",V34=0),"",IF(OR(V34>-0.01,V34=0),"OK","NOK")) -> NOK | Z34: =Table2[[#This Row],[Nazwisko]]&Table2[[#This Row],[Imię]] -> KowalczykJulia | AA34: =COUNTIF(Z34:$Z$275,Z34) -> 2
A35: Zatoń | B35: Olga | C35: 3C | D35: Tak | E35: Tak | G35: 50 | P35: 100 | Q35: 200 | T35: =SUM(G35:S35) -> 350 | U35: =IF(Table2[[#This Row],[Nazwisko]]="","",IF(AND(D35="Nie",E35="Nie"),0,IF(AND(D35="Tak",E35="Nie"),Podsumowanie!$B$19,Podsumowanie!$C$19))) -> 700 | V35: =IFERROR(T35-U35,"") -> -350 | W35: =IF(OR(A35="",V35=0),"",IF(OR(V35>-0.01,V35=0),"OK","NOK")) -> NOK | Z35: =Table2[[#This Row],[Nazwisko]]&Table2[[#This Row],[Imię]] -> ZatońOlga | AA35: =COUNTIF(Z35:$Z$275,Z35) -> 1
A36: Oleszczak | B36: Olga | C36: 3C | D36: Tak | E36: Tak | G36: 50 | P36: 100 | Q36: 200 | T36: =SUM(G36:S36) -> 350 | U36: =IF(Table2[[#This Row],[Nazwisko]]="","",IF(AND(D36="Nie",E36="Nie"),0,IF(AND(D36="Tak",E36="Nie"),Podsumowanie!$B$19,Podsumowanie!$C$19))) -> 700 | V36: =IFERROR(T36-U36,"") -> -350 | W36: =IF(OR(A36="",V36=0),"",IF(OR(V36>-0.01,V36=0),"OK","NOK")) -> NOK | Z36: =Table2[[#This Row],[Nazwisko]]&Table2[[#This Row],[Imię]] -> OleszczakOlga | AA36: =COUNTIF(Z36:$Z$275,Z36) -> 1
A37: Włodarczyk | B37: Karolina | C37: 3C | D37: Tak | E37: Nie | G37: 50 | P37: 100 | Q37: 100 | T37: =SUM(G37:S37) -> 250 | U37: =IF(Table2[[#This Row],[Nazwisko]]="","",IF(AND(D37="Nie",E37="Nie"),0,IF(AND(D37="Tak",E37="Nie"),Podsumowanie!$B$19,Podsumowanie!$C$19))) -> 430 | V37: =IFERROR(T37-U37,"") -> -180 | W37: =IF(OR(A37="",V37=0),"",IF(OR(V37>-0.01,V37=0),"OK","NOK")) -> NOK | Z37: =Table2[[#This Row],[Nazwisko]]&Table2[[#This Row],[Imię]] -> WłodarczykKarolina | AA37: =COUNTIF(Z37:$Z$275,Z37) -> 1
A38: Staniszewska | B38: Iga | C38: 3C | D38: Tak | E38: Tak | G38: 50 | P38: 100 | Q38: 100 | T38: =SUM(G38:S38) -> 250 | U38: =IF(Table2[[#This Row],[Nazwisko]]="","",IF(AND(D38="Nie",E38="Nie"),0,IF(AND(D38="Tak",E38="Nie"),Podsumowanie!$B$19,Podsumowanie!$C$19))) -> 700 | V38: =IFERROR(T38-U38,"") -> -450 | W38: =IF(OR(A38="",V38=0),"",IF(OR(V38>-0.01,V38=0),"OK","NOK")) -> NOK | Z38: =Table2[[#This Row],[Nazwisko]]&Table2[[#This Row],[Imię]] -> StaniszewskaIga | AA38: =COUNTIF(Z38:$Z$275,Z38) -> 1
A39: Wyczółkowska | B39: Milena | C39: 3C | D39: Tak | E39: Tak | G39: 50 | P39: 100 | Q39: 200 | T39: =SUM(G39:S39) -> 350 | U39: =IF(Table2[[#This Row],[Nazwisko]]="","",IF(AND(D39="Nie",E39="Nie"),0,IF(AND(D39="Tak",E39="Nie"),Podsumowanie!$B$19,Podsumowanie!$C$19))) -> 700 | V39: =IFERROR(T39-U39,"") -> -350 | W39: =IF(OR(A39="",V39=0),"",IF(OR(V39>-0.01,V39=0),"OK","NOK")) -> NOK | Z39: =Table2[[#This Row],[Nazwisko]]&Table2[[#This Row],[Imię]] -> WyczółkowskaMilena | AA39: =COUNTIF(Z39:$Z$275,Z39) -> 1
A40: Kaźmierska | B40: Julia | C40: 3C | D40: Tak | E40: Tak | G40: 50 | P40: 100 | Q40: 200 | T40: =SUM(G40:S40) -> 350 | U40: =IF(Table2[[#This Row],[Nazwisko]]="","",IF(AND(D40="Nie",E40="Nie"),0,IF(AND(D40="Tak",E40="Nie"),Podsumowanie!$B$19,Podsumowanie!$C$19))) -> 700 | V40: =IFERROR(T40-U40,"") -> -350 | W40: =IF(OR(A40="",V40=0),"",IF(OR(V40>-0.01,V40=0),"OK","NOK")) -> NOK | Z40: =Table2[[#This Row],[Nazwisko]]&Table2[[#This Row],[Imię]] -> KaźmierskaJulia | AA40: =COUNTIF(Z40:$Z$275,Z40) -> 1
A41: Marek | B41: Barbara | C41: 3C | D41: Tak | E41: Tak | G41: 50 | P41: 100 | Q41: 200 | T41: =SUM(G41:S41) -> 350 | U41: =IF(Table2[[#This Row],[Nazwisko]]="","",IF(AND(D41="Nie",E41="Nie"),0,IF(AND(D41="Tak",E41="Nie"),Podsumowanie!$B$19,Podsumowanie!$C$19))) -> 700 | V41: =IFERROR(T41-U41,"") -> -350 | W41: =IF(OR(A41="",V41=0),"",IF(OR(V41>-0.01,V41=0),"OK","NOK")) -> NOK | Z41: =Table2[[#This Row],[Nazwisko]]&Table2[[#This Row],[Imię]] -> MarekBarbara | AA41: =COUNTIF(Z41:$Z$275,Z41) -> 1
A42: Kozioł | B42: Kaja | C42: 3C | D42: Tak | E42: Tak | G42: 50 | P42: 100 | Q42: 200 | T42: =SUM(G42:S42) -> 350 | U42: =IF(Table2[[#This Row],[Nazwisko]]="","",IF(AND(D42="Nie",E42="Nie"),0,IF(AND(D42="Tak",E42="Nie"),Podsumowanie!$B$19,Podsumowanie!$C$19))) -> 700 | V42: =IFERROR(T42-U42,"") -> -350 | W42: =IF(OR(A42="",V42=0),"",IF(OR(V42>-0.01,V42=0),"OK","NOK")) -> NOK | Z42: =Table2[[#This Row],[Nazwisko]]&Table2[[#This Row],[Imię]] -> KoziołKaja | AA42: =COUNTIF(Z42:$Z$275,Z42) -> 1
A43: Ciemniewska | B43: Natalia | C43: 3C | D43: Tak | E43: Tak | G43: 50 | P43: 100 | Q43: 200 | T43: =SUM(G43:S43) -> 350 | U43: =IF(Table2[[#This Row],[Nazwisko]]="","",IF(AND(D43="Nie",E43="Nie"),0,IF(AND(D43="Tak",E43="Nie"),Podsumowanie!$B$19,Podsumowanie!$C$19))) -> 700 | V43: =IFERROR(T43-U43,"") -> -350 | W43: =IF(OR(A43="",V43=0),"",IF(OR(V43>-0.01,V43=0),"OK","NOK")) -> NOK | Z43: =Table2[[#This Row],[Nazwisko]]&Table2[[#This Row],[Imię]] -> CiemniewskaNatalia | AA43: =COUNTIF(Z43:$Z$275,Z43) -> 1
A44: Piotrowska | B44: Weronika | C44: 3C | D44: Tak | E44: Nie | G44: 50 | P44: 100 | Q44: 100 | T44: =SUM(G44:S44) -> 250 | U44: =IF(Table2[[#This Row],[Nazwisko]]="","",IF(AND(D44="Nie",E44="Nie"),0,IF(AND(D44="Tak",E44="Nie"),Podsumowanie!$B$19,Podsumowanie!$C$19))) -> 430 | V44: =IFERROR(T44-U44,"") -> -180 | W44: =IF(OR(A44="",V44=0),"",IF(OR(V44>-0.01,V44=0),"OK","NOK")) -> NOK | Z44: =Table2[[#This Row],[Nazwisko]]&Table2[[#This Row],[Imię]] -> PiotrowskaWeronika | AA44: =COUNTIF(Z44:$Z$275,Z44) -> 1
A45: Cielasińska | B45: Julia | C45: 3B | D45: Nie | E45: Nie | F45: Osoba wypisała się /50 zł do zwrotu | G45: 50 | T45: =SUM(G45:S45) -> 50 | U45: =IF(Table2[[#This Row],[Nazwisko]]="","",IF(AND(D45="Nie",E45="Nie"),0,IF(AND(D45="Tak",E45="Nie"),Podsumowanie!$B$19,Podsumowanie!$C$19))) -> 0 | V45: =IFERROR(T45-U45,"") -> 50 | W45: =IF(OR(A45="",V45=0),"",IF(OR(V45>-0.01,V45=0),"OK","NOK")) -> OK | Z45: =Table2[[#This Row],[Nazwisko]]&Table2[[#This Row],[Imię]] -> CielasińskaJulia | AA45: =COUNTIF(Z45:$Z$275,Z45) -> 1
A46: Piotrowska | B46: Blanka | C46: 3C | D46: Tak | E46: Tak | G46: 50 | P46: 100 | Q46: 200 | T46: =SUM(G46:S46) -> 350 | U46: =IF(Table2[[#This Row],[Nazwisko]]="","",IF(AND(D46="Nie",E46="Nie"),0,IF(AND(D46="Tak",E46="Nie"),Podsumowanie!$B$19,Podsumowanie!$C$19))) -> 700 | V46: =IFERROR(T46-U46,"") -> -350 | W46: =IF(OR(A46="",V46=0),"",IF(OR(V46>-0.01,V46=0),"OK","NOK")) -> NOK | Z46: =Table2[[#This Row],[Nazwisko]]&Table2[[#This Row],[Imię]] -> PiotrowskaBlanka | AA46: =COUNTIF(Z46:$Z$275,Z46) -> 1
A47: Kancerek | B47: Dawid | C47: 3D1 | D47: Tak | E47: Tak | G47: 50 | Q47: 200 | T47: =SUM(G47:S47) -> 250 | U47: =IF(Table2[[#This Row],[Nazwisko]]="","",IF(AND(D47="Nie",E47="Nie"),0,IF(AND(D47="Tak",E47="Nie"),Podsumowanie!$B$19,Podsumowanie!$C$19))) -> 700 | V47: =IFERROR(T47-U47,"") -> -450 | W47: =IF(OR(A47="",V47=0),"",IF(OR(V47>-0.01,V47=0),"OK","NOK")) -> NOK | Z47: =Table2[[#This Row],[Nazwisko]]&Table2[[#This Row],[Imię]] -> KancerekDawid | AA47: =COUNTIF(Z47:$Z$275,Z47) -> 1
A48: Bałut | B48: Piotr | C48: 3D1 | D48: Tak | E48: Tak | G48: 50 | Q48: 200 | T48: =SUM(G48:S48) -> 250 | U48: =IF(Table2[[#This Row],[Nazwisko]]="","",IF(AND(D48="Nie",E48="Nie"),0,IF(AND(D48="Tak",E48="Nie"),Podsumowanie!$B$19,Podsumowanie!$C$19))) -> 700 | V48: =IFERROR(T48-U48,"") -> -450 | W48: =IF(OR(A48="",V48=0),"",IF(OR(V48>-0.01,V48=0),"OK","NOK")) -> NOK | Z48: =Table2[[#This Row],[Nazwisko]]&Table2[[#This Row],[Imię]] -> BałutPiotr | AA48: =COUNTIF(Z48:$Z$275,Z48) -> 1
A49: Gębicz | B49: Anna | C49: 3D1 | D49: Tak | E49: Tak | G49: 50 | Q49: 200 | T49: =SUM(G49:S49) -> 250 | U49: =IF(Table2[[#This Row],[Nazwisko]]="","",IF(AND(D49="Nie",E49="Nie"),0,IF(AND(D49="Tak",E49="Nie"),Podsumowanie!$B$19,Podsumowanie!$C$19))) -> 700 | V49: =IFERROR(T49-U49,"") -> -450 | W49: =IF(OR(A49="",V49=0),"",IF(OR(V49>-0.01,V49=0),"OK","NOK")) -> NOK | Z49: =Table2[[#This Row],[Nazwisko]]&Table2[[#This Row],[Imię]] -> GębiczAnna | AA49: =COUNTIF(Z49:$Z$275,Z49) -> 1
A50: Stępień | B50: Natalia | C50: 3F | D50: Tak | E50: Tak | F50: Piotr Zięba | G50: 50 | T50: =SUM(G50:S50) -> 50 | U50: =IF(Table2[[#This Row],[Nazwisko]]="","",IF(AND(D50="Nie",E50="Nie"),0,IF(AND(D50="Tak",E50="Nie"),Podsumowanie!$B$19,Podsumowanie!$C$19))) -> 700 | V50: =IFERROR(T50-U50,"") -> -650 | W50: =IF(OR(A50="",V50=0),"",IF(OR(V50>-0.01,V50=0),"OK","NOK")) -> NOK | Z50: =Table2[[#This Row],[Nazwisko]]&Table2[[#This Row],[Imię]] -> StępieńNatalia | AA50: =COUNTIF(Z50:$Z$275,Z50) -> 1
A51: Majcherek | B51: Małgorzata | C51: 3F | D51: Tak | E51: Nie | F51: rezygnacja z osoby towarzyszacej 9.10 | G51: 50 | T51: =SUM(G51:S51) -> 50 | U51: =IF(Table2[[#This Row],[Nazwisko]]="","",IF(AND(D51="Nie",E51="Nie"),0,IF(AND(D51="Tak",E51="Nie"),Podsumowanie!$B$19,Podsumowanie!$C$19))) -> 430 | V51: =IFERROR(T51-U51,"") -> -380 | W51: =IF(OR(A51="",V51=0),"",IF(OR(V51>-0.01,V51=0),"OK","NOK")) -> NOK | Z51: =Table2[[#This Row],[Nazwisko]]&Table2[[#This Row],[Imię]] -> MajcherekMałgorzata | AA51: =COUNTIF(Z51:$Z$275,Z51) -> 1
A52: Osiecka | B52: Julia | C52: 3F | D52: Tak | E52: Tak | F52: Bartek Bałut | G52: 50 | T52: =SUM(G52:S52) -> 50 | U52: =IF(Table2[[#This Row],[Nazwisko]]="","",IF(AND(D52="Nie",E52="Nie"),0,IF(AND(D52="Tak",E52="Nie"),Podsumowanie!$B$19,Podsumowanie!$C$19))) -> 700 | V52: =IFERROR(T52-U52,"") -> -650 | W52: =IF(OR(A52="",V52=0),"",IF(OR(V52>-0.01,V52=0),"OK","NOK")) -> NOK | Z52: =Table2[[#This Row],[Nazwisko]]&Table2[[#This Row],[Imię]] -> OsieckaJulia | AA52: =COUNTIF(Z52:$Z$275,Z52) -> 1
A53: Przerada | B53: Róża | C53: 3F | D53: Nie | E53: Nie | F53: rezygnacja 9.10 | G53: 50 | T53: =SUM(G53:S53) -> 50 | U53: =IF(Table2[[#This Row],[Nazwisko]]="","",IF(AND(D53="Nie",E53="Nie"),0,IF(AND(D53="Tak",E53="Nie"),Podsumowanie!$B$19,Podsumowanie!$C$19))) -> 0 | V53: =IFERROR(T53-U53,"") -> 50 | W53: =IF(OR(A53="",V53=0),"",IF(OR(V53>-0.01,V53=0),"OK","NOK")) -> OK | Z53: =Table2[[#This Row],[Nazwisko]]&Table2[[#This Row],[Imię]] -> PrzeradaRóża | AA53: =COUNTIF(Z53:$Z$275,Z53) -> 1
A54: Stojecka | B54: Patrycja | C54: 3F | D54: Tak | E54: Nie | G54: 50 | T54: =SUM(G54:S54) -> 50 | U54: =IF(Table2[[#This Row],[Nazwisko]]="","",IF(AND(D54="Nie",E54="Nie"),0,IF(AND(D54="Tak",E54="Nie"),Podsumowanie!$B$19,Podsumowanie!$C$19))) -> 430 | V54: =IFERROR(T54-U54,"") -> -380 | W54: =IF(OR(A54="",V54=0),"",IF(OR(V54>-0.01,V54=0),"OK","NOK")) -> NOK | Z54: =Table2[[#This Row],[Nazwisko]]&Table2[[#This Row],[Imię]] -> StojeckaPatrycja | AA54: =COUNTIF(Z54:$Z$275,Z54) -> 1
A55: Świtoń | B55: Julia | C55: 3F | D55: Tak | E55: Tak | F55: Dawid Piotr | G55: 50 | T55: =SUM(G55:S55) -> 50 | U55: =IF(Table2[[#This Row],[Nazwisko]]="","",IF(AND(D55="Nie",E55="Nie"),0,IF(AND(D55="Tak",E55="Nie"),Podsumowanie!$B$19,Podsumowanie!$C$19))) -> 700 | V55: =IFERROR(T55-U55,"") -> -650 | W55: =IF(OR(A55="",V55=0),"",IF(OR(V55>-0.01,V55=0),"OK","NOK")) -> NOK | Z55: =Table2[[#This Row],[Nazwisko]]&Table2[[#This Row],[Imię]] -> ŚwitońJulia | AA55: =COUNTIF(Z55:$Z$275,Z55) -> 1
A56: Zaród | B56: Kacper | C56: 3F | D56: Tak | E56: Tak | F56: Daria Koch | G56: 50 | T56: =SUM(G56:S56) -> 50 | U56: =IF(Table2[[#This Row],[Nazwisko]]="","",IF(AND(D56="Nie",E56="Nie"),0,IF(AND(D56="Tak",E56="Nie"),Podsumowanie!$B$19,Podsumowanie!$C$19))) -> 700 | V56: =IFERROR(T56-U56,"") -> -650 | W56: =IF(OR(A56="",V56=0),"",IF(OR(V56>-0.01,V56=0),"OK","NOK")) -> NOK | Z56: =Table2[[#This Row],[Nazwisko]]&Table2[[#This Row],[Imię]] -> ZaródKacper | AA56: =COUNTIF(Z56:$Z$275,Z56) -> 1
A57: Zatoń | B57: Maja | C57: 3F | D57: Tak | E57: Tak | F57: Piotr Sobczyk | G57: 50 | T57: =SUM(G57:S57) -> 50 | U57: =IF(Table2[[#This Row],[Nazwisko]]="","",IF(AND(D57="Nie",E57="Nie"),0,IF(AND(D57="Tak",E57="Nie"),Podsumowanie!$B$19,Podsumowanie!$C$19))) -> 700 | V57: =IFERROR(T57-U57,"") -> -650 | W57: =IF(OR(A57="",V57=0),"",IF(OR(V57>-0.01,V57=0),"OK","NOK")) -> NOK | Z57: =Table2[[#This Row],[Nazwisko]]&Table2[[#This Row],[Imię]] -> ZatońMaja | AA57: =COUNTIF(Z57:$Z$275,Z57) -> 1
A58: Walicka | B58: Michalina | C58: 3F | D58: Tak | E58: Tak | F58: Michał Konieczny | G58: 50 | T58: =SUM(G58:S58) -> 50 | U58: =IF(Table2[[#This Row],[Nazwisko]]="","",IF(AND(D58="Nie",E58="Nie"),0,IF(AND(D58="Tak",E58="Nie"),Podsumowanie!$B$19,Podsumowanie!$C$19))) -> 700 | V58: =IFERROR(T58-U58,"") -> -650 | W58: =IF(OR(A58="",V58=0),"",IF(OR(V58>-0.01,V58=0),"OK","NOK")) -> NOK | Z58: =Table2[[#This Row],[Nazwisko]]&Table2[[#This Row],[Imię]] -> WalickaMichalina | AA58: =COUNTIF(Z58:$Z$275,Z58) -> 1
A59: Żołdak | B59: Weronika | C59: 3F | D59: Tak | E59: Tak | G59: 50 | T59: =SUM(G59:S59) -> 50 | U59: =IF(Table2[[#This Row],[Nazwisko]]="","",IF(AND(D59="Nie",E59="Nie"),0,IF(AND(D59="Tak",E59="Nie"),Podsumowanie!$B$19,Podsumowanie!$C$19))) -> 700 | V59: =IFERROR(T59-U59,"") -> -650 | W59: =IF(OR(A59="",V59=0),"",IF(OR(V59>-0.01,V59=0),"OK","NOK")) -> NOK | Z59: =Table2[[#This Row],[Nazwisko]]&Table2[[#This Row],[Imię]] -> ŻołdakWeronika | AA59: =COUNTIF(Z59:$Z$275,Z59) -> 1
A60: Szymański | B60: Adam | C60: 3F | D60: Tak | E60: Nie | F60: rezygnacja z osoby towarzyszacej 9.10 | G60: 50 | T60: =SUM(G60:S60) -> 50 | U60: =IF(Table2[[#This Row],[Nazwisko]]="","",IF(AND(D60="Nie",E60="Nie"),0,IF(AND(D60="Tak",E60="Nie"),Podsumowanie!$B$19,Podsumowanie!$C$19))) -> 430 | V60: =IFERROR(T60-U60,"") -> -380 | W60: =IF(OR(A60="",V60=0),"",IF(OR(V60>-0.01,V60=0),"OK","NOK")) -> NOK | Z60: =Table2[[#This Row],[Nazwisko]]&Table2[[#This Row],[Imię]] -> SzymańskiAdam | AA60: =COUNTIF(Z60:$Z$275,Z60) -> 1
A61: Janik | B61: Karolina | C61: 3F | D61: Tak | E61: Tak | F61: Marcin Adamcewicz | G61: 50 | T61: =SUM(G61:S61) -> 50 | U61: =IF(Table2[[#This Row],[Nazwisko]]="","",IF(AND(D61="Nie",E61="Nie"),0,IF(AND(D61="Tak",E61="Nie"),Podsumowanie!$B$19,Podsumowanie!$C$19))) -> 700 | V61: =IFERROR(T61-U61,"") -> -650 | W61: =IF(OR(A61="",V61=0),"",IF(OR(V61>-0.01,V61=0),"OK","NOK")) -> NOK | Z61: =Table2[[#This Row],[Nazwisko]]&Table2[[#This Row],[Imię]] -> JanikKarolina | AA61: =COUNTIF(Z61:$Z$275,Z61) -> 1
A62: Krupa | B62: Antonina | C62: 3F | D62: Tak | E62: Tak | F62: Ernest Jędrasiak | G62: 50 | T62: =SUM(G62:S62) -> 50 | U62: =IF(Table2[[#This Row],[Nazwisko]]="","",IF(AND(D62="Nie",E62="Nie"),0,IF(AND(D62="Tak",E62="Nie"),Podsumowanie!$B$19,Podsumowanie!$C$19))) -> 700 | V62: =IFERROR(T62-U62,"") -> -650 | W62: =IF(OR(A62="",V62=0),"",IF(OR(V62>-0.01,V62=0),"OK","NOK")) -> NOK | Z62: =Table2[[#This Row],[Nazwisko]]&Table2[[#This Row],[Imię]] -> KrupaAntonina | AA62: =COUNTIF(Z62:$Z$275,Z62) -> 1
A63: Radkow | B63: Nikola | C63: 3F | D63: Tak | E63: Tak | F63: Hubert Zakrzewski | G63: 50 | T63: =SUM(G63:S63) -> 50 | U63: =IF(Table2[[#This Row],[Nazwisko]]="","",IF(AND(D63="Nie",E63="Nie"),0,IF(AND(D63="Tak",E63="Nie"),Podsumowanie!$B$19,Podsumowanie!$C$19))) -> 700 | V63: =IFERROR(T63-U63,"") -> -650 | W63: =IF(OR(A63="",V63=0),"",IF(OR(V63>-0.01,V63=0),"OK","NOK")) -> NOK | X63: Os. towarzysząca dodana 7.09.26 | Z63: =Table2[[#This Row],[Nazwisko]]&Table2[[#This Row],[Imię]] -> RadkowNikola | AA63: =COUNTIF(Z63:$Z$275,Z63) -> 1
A64: Jadczyk | B64: Wiktoria | C64: 3F | D64: Nie | E64: Nie | F64: rezygnacja 9.10 | G64: 50 | T64: =SUM(G64:S64) -> 50 | U64: =IF(Table2[[#This Row],[Nazwisko]]="","",IF(AND(D64="Nie",E64="Nie"),0,IF(AND(D64="Tak",E64="Nie"),Podsumowanie!$B$19,Podsumowanie!$C$19))) -> 0 | V64: =IFERROR(T64-U64,"") -> 50 | W64: =IF(OR(A64="",V64=0),"",IF(OR(V64>-0.01,V64=0),"OK","NOK")) -> OK | Z64: =Table2[[#This Row],[Nazwisko]]&Table2[[#This Row],[Imię]] -> JadczykWiktoria | AA64: =COUNTIF(Z64:$Z$275,Z64) -> 1
A65: Skalik | B65: Jessica | C65: 3F | D65: Tak | E65: Tak | F65: Oskar Gnoiński | G65: 50 | T65: =SUM(G65:S65) -> 50 | U65: =IF(Table2[[#This Row],[Nazwisko]]="","",IF(AND(D65="Nie",E65="Nie"),0,IF(AND(D65="Tak",E65="Nie"),Podsumowanie!$B$19,Podsumowanie!$C$19))) -> 700 | V65: =IFERROR(T65-U65,"") -> -650 | W65: =IF(OR(A65="",V65=0),"",IF(OR(V65>-0.01,V65=0),"OK","NOK")) -> NOK | Z65: =Table2[[#This Row],[Nazwisko]]&Table2[[#This Row],[Imię]] -> SkalikJessica | AA65: =COUNTIF(Z65:$Z$275,Z65) -> 1
A66: Wróblewska | B66: Nikola | C66: 3C | D66: Tak | E66: Nie | F66: zrezygnowała z os. Tow.14.10 | G66: 50 | P66: 100 | Q66: 100 | T66: =SUM(G66:S66) -> 250 | U66: =IF(Table2[[#This Row],[Nazwisko]]="","",IF(AND(D66="Nie",E66="Nie"),0,IF(AND(D66="Tak",E66="Nie"),Podsumowanie!$B$19,Podsumowanie!$C$19))) -> 430 | V66: =IFERROR(T66-U66,"") -> -180 | W66: =IF(OR(A66="",V66=0),"",IF(OR(V66>-0.01,V66=0),"OK","NOK")) -> NOK | Z66: =Table2[[#This Row],[Nazwisko]]&Table2[[#This Row],[Imię]] -> WróblewskaNikola | AA66: =COUNTIF(Z66:$Z$275,Z66) -> 1
A67: Owsiana | B67: Martyna | C67: 3F | D67: Tak | E67: Tak | F67: Szymon Owsiany | G67: 50 | T67: =SUM(G67:S67) -> 50 | U67: =IF(Table2[[#This Row],[Nazwisko]]="","",IF(AND(D67="Nie",E67="Nie"),0,IF(AND(D67="Tak",E67="Nie"),Podsumowanie!$B$19,Podsumowanie!$C$19))) -> 700 | V67: =IFERROR(T67-U67,"") -> -650 | W67: =IF(OR(A67="",V67=0),"",IF(OR(V67>-0.01,V67=0),"OK","NOK")) -> NOK | Z67: =Table2[[#This Row],[Nazwisko]]&Table2[[#This Row],[Imię]] -> OwsianaMartyna | AA67: =COUNTIF(Z67:$Z$275,Z67) -> 1
A68: Kłosińska | B68: Angelika | C68: 3E | D68: Tak | E68: Tak | G68: 50 | T68: =SUM(G68:S68) -> 50 | U68: =IF(Table2[[#This Row],[Nazwisko]]="","",IF(AND(D68="Nie",E68="Nie"),0,IF(AND(D68="Tak",E68="Nie"),Podsumowanie!$B$19,Podsumowanie!$C$19))) -> 700 | V68: =IFERROR(T68-U68,"") -> -650 | W68: =IF(OR(A68="",V68=0),"",IF(OR(V68>-0.01,V68=0),"OK","NOK")) -> NOK | Z68: =Table2[[#This Row],[Nazwisko]]&Table2[[#This Row],[Imię]] -> KłosińskaAngelika | AA68: =COUNTIF(Z68:$Z$275,Z68) -> 1
A69: Mielczarek | B69: Maja | C69: 3E | D69: Tak | E69: Tak | G69: 50 | T69: =SUM(G69:S69) -> 50 | U69: =IF(Table2[[#This Row],[Nazwisko]]="","",IF(AND(D69="Nie",E69="Nie"),0,IF(AND(D69="Tak",E69="Nie"),Podsumowanie!$B$19,Podsumowanie!$C$19))) -> 700 | V69: =IFERROR(T69-U69,"") -> -650 | W69: =IF(OR(A69="",V69=0),"",IF(OR(V69>-0.01,V69=0),"OK","NOK")) -> NOK | Z69: =Table2[[#This Row],[Nazwisko]]&Table2[[#This Row],[Imię]] -> MielczarekMaja | AA69: =COUNTIF(Z69:$Z$275,Z69) -> 1
A70: Adasiak | B70: Maja | C70: 3F | D70: Tak | E70: Tak | F70: Maria Chycka | G70: 50 | T70: =SUM(G70:S70) -> 50 | U70: =IF(Table2[[#This Row],[Nazwisko]]="","",IF(AND(D70="Nie",E70="Nie"),0,IF(AND(D70="Tak",E70="Nie"),Podsumowanie!$B$19,Podsumowanie!$C$19))) -> 700 | V70: =IFERROR(T70-U70,"") -> -650 | W70: =IF(OR(A70="",V70=0),"",IF(OR(V70>-0.01,V70=0),"OK","NOK")) -> NOK | Z70: =Table2[[#This Row],[Nazwisko]]&Table2[[#This Row],[Imię]] -> AdasiakMaja | AA70: =COUNTIF(Z70:$Z$275,Z70) -> 1
A71: Kołodziejczyk | B71: Daria | C71: 3C | D71: Tak | E71: Nie | G71: 50 | P71: 100 | Q71: 100 | T71: =SUM(G71:S71) -> 250 | U71: =IF(Table2[[#This Row],[Nazwisko]]="","",IF(AND(D71="Nie",E71="Nie"),0,IF(AND(D71="Tak",E71="Nie"),Podsumowanie!$B$19,Podsumowanie!$C$19))) -> 430 | V71: =IFERROR(T71-U71,"") -> -180 | W71: =IF(OR(A71="",V71=0),"",IF(OR(V71>-0.01,V71=0),"OK","NOK")) -> NOK | Z71: =Table2[[#This Row],[Nazwisko]]&Table2[[#This Row],[Imię]] -> KołodziejczykDaria | AA71: =COUNTIF(Z71:$Z$275,Z71) -> 1
A72: Gwadera | B72: Kaja | C72: 3B | D72: Tak | E72: Tak | G72: 50 | Q72: 650 | T72: =SUM(G72:S72) -> 700 | U72: =IF(Table2[[#This Row],[Nazwisko]]="","",IF(AND(D72="Nie",E72="Nie"),0,IF(AND(D72="Tak",E72="Nie"),Podsumowanie!$B$19,Podsumowanie!$C$19))) -> 700 | V72: =IFERROR(T72-U72,"") -> 0 | W72: =IF(OR(A72="",V72=0),"",IF(OR(V72>-0.01,V72=0),"OK","NOK")) | Z72: =Table2[[#This Row],[Nazwisko]]&Table2[[#This Row],[Imię]] -> GwaderaKaja | AA72: =COUNTIF(Z72:$Z$275,Z72) -> 1
A73: Maciejewska | B73: Martyna | C73: 3C | D73: Tak | E73: Tak | G73: 50 | P73: 100 | Q73: 200 | T73: =SUM(G73:S73) -> 350 | U73: =IF(Table2[[#This Row],[Nazwisko]]="","",IF(AND(D73="Nie",E73="Nie"),0,IF(AND(D73="Tak",E73="Nie"),Podsumowanie!$B$19,Podsumowanie!$C$19))) -> 700 | V73: =IFERROR(T73-U73,"") -> -350 | W73: =IF(OR(A73="",V73=0),"",IF(OR(V73>-0.01,V73=0),"OK","NOK")) -> NOK | Z73: =Table2[[#This Row],[Nazwisko]]&Table2[[#This Row],[Imię]] -> MaciejewskaMartyna | AA73: =COUNTIF(Z73:$Z$275,Z73) -> 1
A74: Pioruński | B74: Wojciech | C74: 3F | D74: Tak | E74: Nie | G74: 50 | T74: =SUM(G74:S74) -> 50 | U74: =IF(Table2[[#This Row],[Nazwisko]]="","",IF(AND(D74="Nie",E74="Nie"),0,IF(AND(D74="Tak",E74="Nie"),Podsumowanie!$B$19,Podsumowanie!$C$19))) -> 430 | V74: =IFERROR(T74-U74,"") -> -380 | W74: =IF(OR(A74="",V74=0),"",IF(OR(V74>-0.01,V74=0),"OK","NOK")) -> NOK | Z74: =Table2[[#This Row],[Nazwisko]]&Table2[[#This Row],[Imię]] -> PioruńskiWojciech | AA74: =COUNTIF(Z74:$Z$275,Z74) -> 1
A75: Trzeciak | B75: Maja | C75: 3C | D75: Tak | E75: Tak | G75: 50 | P75: 100 | Q75: 200 | T75: =SUM(G75:S75) -> 350 | U75: =IF(Table2[[#This Row],[Nazwisko]]="","",IF(AND(D75="Nie",E75="Nie"),0,IF(AND(D75="Tak",E75="Nie"),Podsumowanie!$B$19,Podsumowanie!$C$19))) -> 700 | V75: =IFERROR(T75-U75,"") -> -350 | W75: =IF(OR(A75="",V75=0),"",IF(OR(V75>-0.01,V75=0),"OK","NOK")) -> NOK | Z75: =Table2[[#This Row],[Nazwisko]]&Table2[[#This Row],[Imię]] -> TrzeciakMaja | AA75: =COUNTIF(Z75:$Z$275,Z75) -> 1
A76: Wilk | B76: Maja | C76: 3C | D76: Tak | E76: Nie | G76: 50 | P76: 100 | Q76: 100 | T76: =SUM(G76:S76) -> 250 | U76: =IF(Table2[[#This Row],[Nazwisko]]="","",IF(AND(D76="Nie",E76="Nie"),0,IF(AND(D76="Tak",E76="Nie"),Podsumowanie!$B$19,Podsumowanie!$C$19))) -> 430 | V76: =IFERROR(T76-U76,"") -> -180 | W76: =IF(OR(A76="",V76=0),"",IF(OR(V76>-0.01,V76=0),"OK","NOK")) -> NOK | Z76: =Table2[[#This Row],[Nazwisko]]&Table2[[#This Row],[Imię]] -> WilkMaja | AA76: =COUNTIF(Z76:$Z$275,Z76) -> 1
A77: Staniszewska | B77: Natalia | C77: 3C | D77: Tak | E77: Tak | G77: 50 | Q77: 100 | T77: =SUM(G77:S77) -> 150 | U77: =IF(Table2[[#This Row],[Nazwisko]]="","",IF(AND(D77="Nie",E77="Nie"),0,IF(AND(D77="Tak",E77="Nie"),Podsumowanie!$B$19,Podsumowanie!$C$19))) -> 700 | V77: =IFERROR(T77-U77,"") -> -550 | W77: =IF(OR(A77="",V77=0),"",IF(OR(V77>-0.01,V77=0),"OK","NOK")) -> NOK | Z77: =Table2[[#This Row],[Nazwisko]]&Table2[[#This Row],[Imię]] -> StaniszewskaNatalia | AA77: =COUNTIF(Z77:$Z$275,Z77) -> 1
A78: Dziuba | B78: Zuzannna | C78: 3B | D78: Tak | E78: Tak | G78: 50 | T78: =SUM(G78:S78) -> 50 | U78: =IF(Table2[[#This Row],[Nazwisko]]="","",IF(AND(D78="Nie",E78="Nie"),0,IF(AND(D78="Tak",E78="Nie"),Podsumowanie!$B$19,Podsumowanie!$C$19))) -> 700 | V78: =IFERROR(T78-U78,"") -> -650 | W78: =IF(OR(A78="",V78=0),"",IF(OR(V78>-0.01,V78=0),"OK","NOK")) -> NOK | Z78: =Table2[[#This Row],[Nazwisko]]&Table2[[#This Row],[Imię]] -> DziubaZuzannna | AA78: =COUNTIF(Z78:$Z$275,Z78) -> 1
A79: Bałut | B79: Mateusz | C79: 3C | D79: Tak | E79: Tak | G79: 50 | P79: 100 | Q79: 100 | T79: =SUM(G79:S79) -> 250 | U79: =IF(Table2[[#This Row],[Nazwisko]]="","",IF(AND(D79="Nie",E79="Nie"),0,IF(AND(D79="Tak",E79="Nie"),Podsumowanie!$B$19,Podsumowanie!$C$19))) -> 700 | V79: =IFERROR(T79-U79,"") -> -450 | W79: =IF(OR(A79="",V79=0),"",IF(OR(V79>-0.01,V79=0),"OK","NOK")) -> NOK | Z79: =Table2[[#This Row],[Nazwisko]]&Table2[[#This Row],[Imię]] -> BałutMateusz | AA79: =COUNTIF(Z79:$Z$275,Z79) -> 1
A80: Kaczmarek | B80: Jan | C80: 3C | D80: Tak | E80: Nie | G80: 50 | P80: 100 | Q80: 100 | T80: =SUM(G80:S80) -> 250 | U80: =IF(Table2[[#This Row],[Nazwisko]]="","",IF(AND(D80="Nie",E80="Nie"),0,IF(AND(D80="Tak",E80="Nie"),Podsumowanie!$B$19,Podsumowanie!$C$19))) -> 430 | V80: =IFERROR(T80-U80,"") -> -180 | W80: =IF(OR(A80="",V80=0),"",IF(OR(V80>-0.01,V80=0),"OK","NOK")) -> NOK | Z80: =Table2[[#This Row],[Nazwisko]]&Table2[[#This Row],[Imię]] -> KaczmarekJan | AA80: =COUNTIF(Z80:$Z$275,Z80) -> 1
A81: Dryja | B81: Klaudia | C81: 3C | D81: Tak | E81: Nie | F81: zrezygnowała z Os. Tow. 22.09 | G81: 50 | P81: 100 | Q81: 100 | T81: =SUM(G81:S81) -> 250 | U81: =IF(Table2[[#This Row],[Nazwisko]]="","",IF(AND(D81="Nie",E81="Nie"),0,IF(AND(D81="Tak",E81="Nie"),Podsumowanie!$B$19,Podsumowanie!$C$19))) -> 430 | V81: =IFERROR(T81-U81,"") -> -180 | W81: =IF(OR(A81="",V81=0),"",IF(OR(V81>-0.01,V81=0),"OK","NOK")) -> NOK | Z81: =Table2[[#This Row],[Nazwisko]]&Table2[[#This Row],[Imię]] -> DryjaKlaudia | AA81: =COUNTIF(Z81:$Z$275,Z81) -> 1
A82: Pasak | B82: Filip | C82: 3C | D82: Tak | E82: Nie | G82: 50 | P82: 100 | Q82: 100 | T82: =SUM(G82:S82) -> 250 | U82: =IF(Table2[[#This Row],[Nazwisko]]="","",IF(AND(D82="Nie",E82="Nie"),0,IF(AND(D82="Tak",E82="Nie"),Podsumowanie!$B$19,Podsumowanie!$C$19))) -> 430 | V82: =IFERROR(T82-U82,"") -> -180 | W82: =IF(OR(A82="",V82=0),"",IF(OR(V82>-0.01,V82=0),"OK","NOK")) -> NOK | Z82: =Table2[[#This Row],[Nazwisko]]&Table2[[#This Row],[Imię]] -> PasakFilip | AA82: =COUNTIF(Z82:$Z$275,Z82) -> 1
A83: Wieczorek | B83: Natalia | C83: 3E | D83: Tak | E83: Tak | G83: 50 | T83: =SUM(G83:S83) -> 50 | U83: =IF(Table2[[#This Row],[Nazwisko]]="","",IF(AND(D83="Nie",E83="Nie"),0,IF(AND(D83="Tak",E83="Nie"),Podsumowanie!$B$19,Podsumowanie!$C$19))) -> 700 | V83: =IFERROR(T83-U83,"") -> -650 | W83: =IF(OR(A83="",V83=0),"",IF(OR(V83>-0.01,V83=0),"OK","NOK")) -> NOK | Z83: =Table2[[#This Row],[Nazwisko]]&Table2[[#This Row],[Imię]] -> WieczorekNatalia | AA83: =COUNTIF(Z83:$Z$275,Z83) -> 1
A84: Balicka | B84: Nikola | C84: 3F | D84: Tak | E84: Tak | F84: Kuba Zgieł | G84: 50 | T84: =SUM(G84:S84) -> 50 | U84: =IF(Table2[[#This Row],[Nazwisko]]="","",IF(AND(D84="Nie",E84="Nie"),0,IF(AND(D84="Tak",E84="Nie"),Podsumowanie!$B$19,Podsumowanie!$C$19))) -> 700 | V84: =IFERROR(T84-U84,"") -> -650 | W84: =IF(OR(A84="",V84=0),"",IF(OR(V84>-0.01,V84=0),"OK","NOK")) -> NOK | Z84: =Table2[[#This Row],[Nazwisko]]&Table2[[#This Row],[Imię]] -> BalickaNikola | AA84: =COUNTIF(Z84:$Z$275,Z84) -> 1
A85: Kowalczyk | B85: Zuzanna | C85: 3F | D85: Tak | E85: Nie | F85: rezygnacja z osoby towarzyszacej 9.10 | G85: 50 | T85: =SUM(G85:S85) -> 50 | U85: =IF(Table2[[#This Row],[Nazwisko]]="","",IF(AND(D85="Nie",E85="Nie"),0,IF(AND(D85="Tak",E85="Nie"),Podsumowanie!$B$19,Podsumowanie!$C$19))) -> 430 | V85: =IFERROR(T85-U85,"") -> -380 | W85: =IF(OR(A85="",V85=0),"",IF(OR(V85>-0.01,V85=0),"OK","NOK")) -> NOK | Z85: =Table2[[#This Row],[Nazwisko]]&Table2[[#This Row],[Imię]] -> KowalczykZuzanna | AA85: =COUNTIF(Z85:$Z$275,Z85) -> 1
A86: Woldan | B86: Antoni | C86: 3A | D86: Tak | E86: Tak | G86: 50 | K86: 100 | L86: 100 | M86: 100 | P86: 100 | T86: =SUM(G86:S86) -> 450 | U86: =IF(Table2[[#This Row],[Nazwisko]]="","",IF(AND(D86="Nie",E86="Nie"),0,IF(AND(D86="Tak",E86="Nie"),Podsumowanie!$B$19,Podsumowanie!$C$19))) -> 700 | V86: =IFERROR(T86-U86,"") -> -250 | W86: =IF(OR(A86="",V86=0),"",IF(OR(V86>-0.01,V86=0),"OK","NOK")) -> NOK | Z86: =Table2[[#This Row],[Nazwisko]]&Table2[[#This Row],[Imię]] -> WoldanAntoni | AA86: =COUNTIF(Z86:$Z$275,Z86) -> 1
A87: Pokropski | B87: Maciej | C87: 3F | D87: Tak | E87: Nie | G87: 50 | T87: =SUM(G87:S87) -> 50 | U87: =IF(Table2[[#This Row],[Nazwisko]]="","",IF(AND(D87="Nie",E87="Nie"),0,IF(AND(D87="Tak",E87="Nie"),Podsumowanie!$B$19,Podsumowanie!$C$19))) -> 430 | V87: =IFERROR(T87-U87,"") -> -380 | W87: =IF(OR(A87="",V87=0),"",IF(OR(V87>-0.01,V87=0),"OK","NOK")) -> NOK | Z87: =Table2[[#This Row],[Nazwisko]]&Table2[[#This Row],[Imię]] -> PokropskiMaciej | AA87: =COUNTIF(Z87:$Z$275,Z87) -> 1
A88: Orzechowski | B88: Rafał | C88: 3D1 | D88: Tak | E88: Nie | G88: 50 | Q88: 200 | T88: =SUM(G88:S88) -> 250 | U88: =IF(Table2[[#This Row],[Nazwisko]]="","",IF(AND(D88="Nie",E88="Nie"),0,IF(AND(D88="Tak",E88="Nie"),Podsumowanie!$B$19,Podsumowanie!$C$19))) -> 430 | V88: =IFERROR(T88-U88,"") -> -180 | W88: =IF(OR(A88="",V88=0),"",IF(OR(V88>-0.01,V88=0),"OK","NOK")) -> NOK | Z88: =Table2[[#This Row],[Nazwisko]]&Table2[[#This Row],[Imię]] -> OrzechowskiRafał | AA88: =COUNTIF(Z88:$Z$275,Z88) -> 1
A89: Karbownik | B89: Natalia | C89: 3B | D89: Tak | E89: Tak | G89: 50 | Q89: 200 | T89: =SUM(G89:S89) -> 250 | U89: =IF(Table2[[#This Row],[Nazwisko]]="","",IF(AND(D89="Nie",E89="Nie"),0,IF(AND(D89="Tak",E89="Nie"),Podsumowanie!$B$19,Podsumowanie!$C$19))) -> 700 | V89: =IFERROR(T89-U89,"") -> -450 | W89: =IF(OR(A89="",V89=0),"",IF(OR(V89>-0.01,V89=0),"OK","NOK")) -> NOK | Z89: =Table2[[#This Row],[Nazwisko]]&Table2[[#This Row],[Imię]] -> KarbownikNatalia | AA89: =COUNTIF(Z89:$Z$275,Z89) -> 1
A90: Pokora | B90: Nadia | C90: 3B | D90: Tak | E90: Tak | G90: 50 | Q90: 100 | T90: =SUM(G90:S90) -> 150 | U90: =IF(Table2[[#This Row],[Nazwisko]]="","",IF(AND(D90="Nie",E90="Nie"),0,IF(AND(D90="Tak",E90="Nie"),Podsumowanie!$B$19,Podsumowanie!$C$19))) -> 700 | V90: =IFERROR(T90-U90,"") -> -550 | W90: =IF(OR(A90="",V90=0),"",IF(OR(V90>-0.01,V90=0),"OK","NOK")) -> NOK | Z90: =Table2[[#This Row],[Nazwisko]]&Table2[[#This Row],[Imię]] -> PokoraNadia | AA90: =COUNTIF(Z90:$Z$275,Z90) -> 1
A91: Zakrzewska | B91: Klaudia | C91: 3B | D91: Tak | E91: Tak | G91: 50 | Q91: 200 | T91: =SUM(G91:S91) -> 250 | U91: =IF(Table2[[#This Row],[Nazwisko]]="","",IF(AND(D91="Nie",E91="Nie"),0,IF(AND(D91="Tak",E91="Nie"),Podsumowanie!$B$19,Podsumowanie!$C$19))) -> 700 | V91: =IFERROR(T91-U91,"") -> -450 | W91: =IF(OR(A91="",V91=0),"",IF(OR(V91>-0.01,V91=0),"OK","NOK")) -> NOK | Z91: =Table2[[#This Row],[Nazwisko]]&Table2[[#This Row],[Imię]] -> ZakrzewskaKlaudia | AA91: =COUNTIF(Z91:$Z$275,Z91) -> 1
A92: Kukiełka | B92: Kacper | C92: 3D | D92: Tak | E92: Tak | G92: 50 | K92: 100 | L92: 100 | T92: =SUM(G92:S92) -> 250 | U92: =IF(Table2[[#This Row],[Nazwisko]]="","",IF(AND(D92="Nie",E92="Nie"),0,IF(AND(D92="Tak",E92="Nie"),Podsumowanie!$B$19,Podsumowanie!$C$19))) -> 700 | V92: =IFERROR(T92-U92,"") -> -450 | W92: =IF(OR(A92="",V92=0),"",IF(OR(V92>-0.01,V92=0),"OK","NOK")) -> NOK | Z92: =Table2[[#This Row],[Nazwisko]]&Table2[[#This Row],[Imię]] -> KukiełkaKacper | AA92: =COUNTIF(Z92:$Z$275,Z92) -> 1
A93: Gębicz | B93: Natalia | C93: 3D | D93: Tak | E93: Tak | G93: 50 | K93: 100 | L93: 100 | T93: =SUM(G93:S93) -> 250 | U93: =IF(Table2[[#This Row],[Nazwisko]]="","",IF(AND(D93="Nie",E93="Nie"),0,IF(AND(D93="Tak",E93="Nie"),Podsumowanie!$B$19,Podsumowanie!$C$19))) -> 700 | V93: =IFERROR(T93-U93,"") -> -450 | W93: =IF(OR(A93="",V93=0),"",IF(OR(V93>-0.01,V93=0),"OK","NOK")) -> NOK | Z93: =Table2[[#This Row],[Nazwisko]]&Table2[[#This Row],[Imię]] -> GębiczNatalia | AA93: =COUNTIF(Z93:$Z$275,Z93) -> 1
A94: Rogulski | B94: Szymon | C94: 3D | D94: Tak | E94: Tak | G94: 50 | K94: 100 | L94: 100 | T94: =SUM(G94:S94) -> 250 | U94: =IF(Table2[[#This Row],[Nazwisko]]="","",IF(AND(D94="Nie",E94="Nie"),0,IF(AND(D94="Tak",E94="Nie"),Podsumowanie!$B$19,Podsumowanie!$C$19))) -> 700 | V94: =IFERROR(T94-U94,"") -> -450 | W94: =IF(OR(A94="",V94=0),"",IF(OR(V94>-0.01,V94=0),"OK","NOK")) -> NOK | Z94: =Table2[[#This Row],[Nazwisko]]&Table2[[#This Row],[Imię]] -> RogulskiSzymon | AA94: =COUNTIF(Z94:$Z$275,Z94) -> 1
A95: Zbroja | B95: Alan | C95: 3D | D95: Tak | E95: Tak | G95: 50 | K95: 100 | L95: 100 | T95: =SUM(G95:S95) -> 250 | U95: =IF(Table2[[#This Row],[Nazwisko]]="","",IF(AND(D95="Nie",E95="Nie"),0,IF(AND(D95="Tak",E95="Nie"),Podsumowanie!$B$19,Podsumowanie!$C$19))) -> 700 | V95: =IFERROR(T95-U95,"") -> -450 | W95: =IF(OR(A95="",V95=0),"",IF(OR(V95>-0.01,V95=0),"OK","NOK")) -> NOK | Z95: =Table2[[#This Row],[Nazwisko]]&Table2[[#This Row],[Imię]] -> ZbrojaAlan | AA95: =COUNTIF(Z95:$Z$275,Z95) -> 1
A96: Famulska | B96: Milena | C96: 3D | D96: Tak | E96: Tak | G96: 50 | K96: 100 | L96: 100 | T96: =SUM(G96:S96) -> 250 | U96: =IF(Table2[[#This Row],[Nazwisko]]="","",IF(AND(D96="Nie",E96="Nie"),0,IF(AND(D96="Tak",E96="Nie"),Podsumowanie!$B$19,Podsumowanie!$C$19))) -> 700 | V96: =IFERROR(T96-U96,"") -> -450 | W96: =IF(OR(A96="",V96=0),"",IF(OR(V96>-0.01,V96=0),"OK","NOK")) -> NOK | Z96: =Table2[[#This Row],[Nazwisko]]&Table2[[#This Row],[Imię]] -> FamulskaMilena | AA96: =COUNTIF(Z96:$Z$275,Z96) -> 1
A97: Mielczarek | B97: Julian | C97: 3D | D97: Tak | E97: Tak | G97: 50 | K97: 100 | L97: 100 | T97: =SUM(G97:S97) -> 250 | U97: =IF(Table2[[#This Row],[Nazwisko]]="","",IF(AND(D97="Nie",E97="Nie"),0,IF(AND(D97="Tak",E97="Nie"),Podsumowanie!$B$19,Podsumowanie!$C$19))) -> 700 | V97: =IFERROR(T97-U97,"") -> -450 | W97: =IF(OR(A97="",V97=0),"",IF(OR(V97>-0.01,V97=0),"OK","NOK")) -> NOK | Z97: =Table2[[#This Row],[Nazwisko]]&Table2[[#This Row],[Imię]] -> MielczarekJulian | AA97: =COUNTIF(Z97:$Z$275,Z97) -> 1
A98: Koperska | B98: Lena | C98: 3D | D98: Tak | E98: Tak | G98: 50 | K98: 100 | L98: 100 | T98: =SUM(G98:S98) -> 250 | U98: =IF(Table2[[#This Row],[Nazwisko]]="","",IF(AND(D98="Nie",E98="Nie"),0,IF(AND(D98="Tak",E98="Nie"),Podsumowanie!$B$19,Podsumowanie!$C$19))) -> 700 | V98: =IFERROR(T98-U98,"") -> -450 | W98: =IF(OR(A98="",V98=0),"",IF(OR(V98>-0.01,V98=0),"OK","NOK")) -> NOK | Z98: =Table2[[#This Row],[Nazwisko]]&Table2[[#This Row],[Imię]] -> KoperskaLena | AA98: =COUNTIF(Z98:$Z$275,Z98) -> 1
A99: Dratwa | B99: Hanna | C99: 3D | D99: Tak | E99: Tak | G99: 50 | K99: 100 | L99: 100 | T99: =SUM(G99:S99) -> 250 | U99: =IF(Table2[[#This Row],[Nazwisko]]="","",IF(AND(D99="Nie",E99="Nie"),0,IF(AND(D99="Tak",E99="Nie"),Podsumowanie!$B$19,Podsumowanie!$C$19))) -> 700 | V99: =IFERROR(T99-U99,"") -> -450 | W99: =IF(OR(A99="",V99=0),"",IF(OR(V99>-0.01,V99=0),"OK","NOK")) -> NOK | Z99: =Table2[[#This Row],[Nazwisko]]&Table2[[#This Row],[Imię]] -> DratwaHanna | AA99: =COUNTIF(Z99:$Z$275,Z99) -> 1
A100: Zaskórski | B100: Bartek | C100: 3D | D100: Tak | E100: Tak | G100: 50 | K100: 100 | L100: 100 | T100: =SUM(G100:S100) -> 250 | U100: =IF(Table2[[#This Row],[Nazwisko]]="","",IF(AND(D100="Nie",E100="Nie"),0,IF(AND(D100="Tak",E100="Nie"),Podsumowanie!$B$19,Podsumowanie!$C$19))) -> 700 | V100: =IFERROR(T100-U100,"") -> -450 | W100: =IF(OR(A100="",V100=0),"",IF(OR(V100>-0.01,V100=0),"OK","NOK")) -> NOK | Z100: =Table2[[#This Row],[Nazwisko]]&Table2[[#This Row],[Imię]] -> ZaskórskiBartek | AA100: =COUNTIF(Z100:$Z$275,Z100) -> 1
...

Sheet Sheet1
B4: Bałut | C4: Piotr
B5: Bartnik | C5: Adrianna
B6: Berski | C6: Jakub
B7: Borowski | C7: Antoni
B8: Buliński | C8: Maciej
B9: Cyniak | C9: Mikołaj
B10: Dobosz | C10: Maria
B11: Doroziński | C11: Bartosz
B12: Gębicz | C12: Anna
B13: Grządziel | C13: Patryk
B14: Gurazda | C14: Mikołaj
B15: Guszkiewicz | C15: Maja
... B39: Zawalska | C39: Zofia

Sheet Wydatki
A2: Opis | B2: Umowa done? | C2: Zaliczka done? | D2: Ilość | E2: Cena | F2: Koszt | G2: Zaliczka | H2: Pozostało | I2: Komentarz
A3: Sala uczniowie(PortoFine) | B3: TRUE | C3: TRUE | D3: =Podsumowanie!C12 -> 363 | E3: 270 | F3: =Table1[[#This Row],[Ilość]]*Table1[[#This Row],[Cena]] -> 98010 | G3: 2000 | H3: =Table1[[#This Row],[Koszt]]-Table1[[#This Row],[Zaliczka]] -> 96010 | I3: Zaliczka Michał Krzyszkowski
A4: Goście/pedagodzy/obsługa (PortoFine_na każde 100 osoób 10 jest za darmo na sali) | B4: TRUE | C4: TRUE | D4: 30 | E4: 0 | F4: =Table1[[#This Row],[Ilość]]*Table1[[#This Row],[Cena]] -> 0 | H4: =Table1[[#This Row],[Koszt]]-Table1[[#This Row],[Zaliczka]] -> 0
A5: DJ (Best Party Grupa Eventowa) | B5: TRUE | C5: TRUE | D5: 1 | E5: 8000 | F5: =Table1[[#This Row],[Ilość]]*Table1[[#This Row],[Cena]] -> 8000 | G5: 400 | H5: =Table1[[#This Row],[Koszt]]-Table1[[#This Row],[Zaliczka]] -> 7600 | I5: Zaliczka Aneta Kanafa
A6: Fotograf(FVB) | B6: TRUE | C6: TRUE | D6: 1 | E6: 12000 | F6: =Table1[[#This Row],[Ilość]]*Table1[[#This Row],[Cena]] -> 12000 | G6: 2000 | H6: =Table1[[#This Row],[Koszt]]-Table1[[#This Row],[Zaliczka]] -> 10000 | I6: Zaliczka Michał Krzyszkowski
A7: Ścianka(Anna Muskała) | B7: TRUE | C7: TRUE | D7: 1 | E7: 1400 | F7: =Table1[[#This Row],[Ilość]]*Table1[[#This Row],[Cena]] -> 1400 | G7: 100 | H7: =Table1[[#This Row],[Koszt]]-Table1[[#This Row],[Zaliczka]] -> 1300 | I7: Zaliczka Aneta Kanafa
A8: Opieka karetki | B8: FALSE | D8: 1 | E8: 2000 | F8: =Table1[[#This Row],[Ilość]]*Table1[[#This Row],[Cena]] -> 2000 | H8: =Table1[[#This Row],[Koszt]]-Table1[[#This Row],[Zaliczka]] -> 2000
A9: Ubezpieczenie | B9: FALSE | D9: 1 | E9: 300 | F9: =Table1[[#This Row],[Ilość]]*Table1[[#This Row],[Cena]] -> 300 | H9: =Table1[[#This Row],[Koszt]]-Table1[[#This Row],[Zaliczka]] -> 300
A10: Napoje gazowane [l] ->1,1l/os | B10: FALSE | D10: =(D3+D4)*1.1 -> 432.3 | E10: 7.5 | F10: =Table1[[#This Row],[Ilość]]*Table1[[#This Row],[Cena]] -> 3242.25 | H10: =Table1[[#This Row],[Koszt]]-Table1[[#This Row],[Zaliczka]] -> 3242.25
A11: Kwiaty dla Nauczycieli | B11: FALSE | D11: 7 | E11: 120 | F11: =Table1[[#This Row],[Ilość]]*Table1[[#This Row],[Cena]] -> 840 | H11: =Table1[[#This Row],[Koszt]]-Table1[[#This Row],[Zaliczka]] -> 840
A12: Polonez_nauka [h] (Verto) | B12: TRUE | C12: TRUE | D12: 10 | E12: 180 | F12: =Table1[[#This Row],[Ilość]]*Table1[[#This Row],[Cena]] -> 1800 | G12: 180 | H12: =Table1[[#This Row],[Koszt]]-Table1[[#This Row],[Zaliczka]] -> 1620 | I12: Zaliczka Aneta Kanafa
A13: Koszty dodatkowe | B13: FALSE | C13: FALSE | D13: =Podsumowanie!B12 -> 222 | E13: 10 | F13: =Table1[[#This Row],[Ilość]]*Table1[[#This Row],[Cena]] -> 2220 | G13: 75.85 | H13: =Table1[[#This Row],[Koszt]]-Table1[[#This Row],[Zaliczka]] -> 2144.15 | I13: zakup Kasetki na pieniądze 75.85 (zapłacone)-> Zaiks i inne 1100 zł(do opłacenia)
A14: Total | F14: =SUBTOTAL(109,F3:F13) -> 129812.25 | G14: =SUBTOTAL(109,G3:G13) -> 4755.85 | H14: =SUBTOTAL(109,H3:H13) -> 125056.4

Sheet Podsumowanie
A1: KLASA | B1: # UCZNIÓW (którzy idą) | C1: # OS. Tow. | D1: Total Klasa | E1: Ilość uczniów w klasie | F1: % ankiety | G1: brakuje | H1: ilość odpowiedzi | J1: Składki_winno być | K1: Składki zebrane | L1: Delta
A2: 3A | B2: =COUNTIFS('Lista uczniów_składki'!D:D,"Tak",'Lista uczniów_składki'!C:C,Podsumowanie!A2) -> 33 | C2: =COUNTIFS('Lista uczniów_składki'!E:E,"Tak",'Lista uczniów_składki'!C:C,Podsumowanie!A2) -> 29 | D2: =SUM(B2:C2) -> 62 | E2: 35 | F2: =IF(E2="","",H2/E2) -> 1 | G2: =H2-E2 -> 0 | H2: =COUNTIFS('Lista uczniów_składki'!D:D,"Tak",'Lista uczniów_składki'!C:C,Podsumowanie!A2)+COUNTIFS('Lista uczniów_składki'!D:D,"Nie",'Lista uczniów_składki'!C:C,Podsumowanie!A2) -> 35 | J2: =SUMIFS('Lista uczniów_składki'!U:U,'Lista uczniów_składki'!C:C,Podsumowanie!A2) -> 22020 | K2: =SUMIFS('Lista uczniów_składki'!T:T,'Lista uczniów_składki'!C:C,Podsumowanie!A2) -> 7350 | L2: =K2-J2 -> -14670
A3: 3B | B3: =COUNTIFS('Lista uczniów_składki'!D:D,"Tak",'Lista uczniów_składki'!C:C,Podsumowanie!A3) -> 24 | C3: =COUNTIFS('Lista uczniów_składki'!E:E,"Tak",'Lista uczniów_składki'!C:C,Podsumowanie!A3) -> 16 | D3: =SUM(B3:C3) -> 40 | E3: 25 | F3: =IF(E3="","",H3/E3) -> 1 | G3: =H3-E3 -> 0 | H3: =COUNTIFS('Lista uczniów_składki'!D:D,"Tak",'Lista uczniów_składki'!C:C,Podsumowanie!A3)+COUNTIFS('Lista uczniów_składki'!D:D,"Nie",'Lista uczniów_składki'!C:C,Podsumowanie!A3) -> 25 | J3: =SUMIFS('Lista uczniów_składki'!U:U,'Lista uczniów_składki'!C:C,Podsumowanie!A3) -> 14640 | K3: =SUMIFS('Lista uczniów_składki'!T:T,'Lista uczniów_składki'!C:C,Podsumowanie!A3) -> 5300 | L3: =K3-J3 -> -9340
A4: 3C | B4: =COUNTIFS('Lista uczniów_składki'!D:D,"Tak",'Lista uczniów_składki'!C:C,Podsumowanie!A4) -> 35 | C4: =COUNTIFS('Lista uczniów_składki'!E:E,"Tak",'Lista uczniów_składki'!C:C,Podsumowanie!A4) -> 19 | D4: =SUM(B4:C4) -> 54 | E4: 36 | F4: =IF(E4="","",H4/E4) -> 1 | G4: =H4-E4 -> 0 | H4: =COUNTIFS('Lista uczniów_składki'!D:D,"Tak",'Lista uczniów_składki'!C:C,Podsumowanie!A4)+COUNTIFS('Lista uczniów_składki'!D:D,"Nie",'Lista uczniów_składki'!C:C,Podsumowanie!A4) -> 36 | J4: =SUMIFS('Lista uczniów_składki'!U:U,'Lista uczniów_składki'!C:C,Podsumowanie!A4) -> 20180 | K4: =SUMIFS('Lista uczniów_składki'!T:T,'Lista uczniów_składki'!C:C,Podsumowanie!A4) -> 10100 | L4: =K4-J4 -> -10080
A5: 3D | B5: =COUNTIFS('Lista uczniów_składki'!D:D,"Tak",'Lista uczniów_składki'!C:C,Podsumowanie!A5) -> 35 | C5: =COUNTIFS('Lista uczniów_składki'!E:E,"Tak",'Lista uczniów_składki'!C:C,Podsumowanie!A5) -> 24 | D5: =SUM(B5:C5) -> 59 | E5: 35 | F5: =IF(E5="","",H5/E5) -> 1 | G5: =H5-E5 -> 0 | H5: =COUNTIFS('Lista uczniów_składki'!D:D,"Tak",'Lista uczniów_składki'!C:C,Podsumowanie!A5)+COUNTIFS('Lista uczniów_składki'!D:D,"Nie",'Lista uczniów_składki'!C:C,Podsumowanie!A5) -> 35 | J5: =SUMIFS('Lista uczniów_składki'!U:U,'Lista uczniów_składki'!C:C,Podsumowanie!A5) -> 21530 | K5: =SUMIFS('Lista uczniów_składki'!T:T,'Lista uczniów_składki'!C:C,Podsumowanie!A5) -> 9050 | L5: =K5-J5 -> -12480
A6: 3D1 | B6: =COUNTIFS('Lista uczniów_składki'!D:D,"Tak",'Lista uczniów_składki'!C:C,Podsumowanie!A6) -> 35 | C6: =COUNTIFS('Lista uczniów_składki'!E:E,"Tak",'Lista uczniów_składki'!C:C,Podsumowanie!A6) -> 14 | D6: =SUM(B6:C6) -> 49 | E6: 36 | F6: =IF(E6="","",H6/E6) -> 1 | G6: =H6-E6 -> 0 | H6: =COUNTIFS('Lista uczniów_składki'!D:D,"Tak",'Lista uczniów_składki'!C:C,Podsumowanie!A6)+COUNTIFS('Lista uczniów_składki'!D:D,"Nie",'Lista uczniów_składki'!C:C,Podsumowanie!A6) -> 36 | J6: =SUMIFS('Lista uczniów_składki'!U:U,'Lista uczniów_składki'!C:C,Podsumowanie!A6) -> 18830 | K6: =SUMIFS('Lista uczniów_składki'!T:T,'Lista uczniów_składki'!C:C,Podsumowanie!A6) -> 10100 | L6: =K6-J6 -> -8730
A7: 3E | B7: =COUNTIFS('Lista uczniów_składki'!D:D,"Tak",'Lista uczniów_składki'!C:C,Podsumowanie!A7) -> 34 | C7: =COUNTIFS('Lista uczniów_składki'!E:E,"Tak",'Lista uczniów_składki'!C:C,Podsumowanie!A7) -> 23 | D7: =SUM(B7:C7) -> 57 | E7: 36 | F7: =IF(E7="","",H7/E7) -> 1 | G7: =H7-E7 -> 0 | H7: =COUNTIFS('Lista uczniów_składki'!D:D,"Tak",'Lista uczniów_składki'!C:C,Podsumowanie!A7)+COUNTIFS('Lista uczniów_składki'!D:D,"Nie",'Lista uczniów_składki'!C:C,Podsumowanie!A7) -> 36 | J7: =SUMIFS('Lista uczniów_składki'!U:U,'Lista uczniów_składki'!C:C,Podsumowanie!A7) -> 20830 | K7: =SUMIFS('Lista uczniów_składki'!T:T,'Lista uczniów_składki'!C:C,Podsumowanie!A7) -> 1700 | L7: =K7-J7 -> -19130
A8: 3F | B8: =COUNTIFS('Lista uczniów_składki'!D:D,"Tak",'Lista uczniów_składki'!C:C,Podsumowanie!A8) -> 26 | C8: =COUNTIFS('Lista uczniów_składki'!E:E,"Tak",'Lista uczniów_składki'!C:C,Podsumowanie!A8) -> 16 | D8: =SUM(B8:C8) -> 42 | E8: 30 | F8: =IF(E8="","",H8/E8) -> 1 | G8: =H8-E8 -> 0 | H8: =COUNTIFS('Lista uczniów_składki'!D:D,"Tak",'Lista uczniów_składki'!C:C,Podsumowanie!A8)+COUNTIFS('Lista uczniów_składki'!D:D,"Nie",'Lista uczniów_składki'!C:C,Podsumowanie!A8) -> 30 | J8: =SUMIFS('Lista uczniów_składki'!U:U,'Lista uczniów_składki'!C:C,Podsumowanie!A8) -> 15500 | K8: =SUMIFS('Lista uczniów_składki'!T:T,'Lista uczniów_składki'!C:C,Podsumowanie!A8) -> 1450 | L8: =K8-J8 -> -14050
J9: =SUM(J2:J8) -> 133530 | K9: =SUM(K2:K8) -> 45050 | L9: =SUM(L2:L8) -> -88480
A11: PODSUMOWANIE
A12: Ilość uczniów | B12: =SUM(B2:B8) -> 222 | C12: =SUM(B12:B13) -> 363
A13: Ilośc osoób towarzyszących | B13: =SUM(C2:C8) -> 141
A14: Ilość osoób rodzice + obsługa + goście | B14: =Wydatki!D4 -> 30 | C14: do ustalenia
A15: Koszt sali | B15: =SUM(Wydatki!F3:F4) -> 98010
A16: Koszty pozostałe | B16: =SUM(Wydatki!F5:F13) -> 31802.25
A17: Koszty Total | B17: =SUM(B15:B16) -> 129812.25
A19: Składka na ucznia | B19: 430 | C19: =B19+B20 -> 700
A20: Składka osoba towarzysząca | B20: =Wydatki!E3 -> 270
A22: BUDŻET | B22: =B19*B12+B20*B13 -> 133530
A23: WYDATKI | B23: =SUM(Table1[Koszt]) -> 129812.25
A24: DELTA | B24: =B22-B23 -> 3717.75
A26: KLASA | B26: Zwrot per klasa
A27: 3A | B27: =IF(B2=0,"",B$24/SUM($B$3:$B$8)*B2) -> 649.13095
A28: 3B | B28: =IF(B3=0,"",B$24/SUM($B$3:$B$8)*B3) -> 472.09524
A29: 3C | B29: =IF(B4=0,"",B$24/SUM($B$3:$B$8)*B4) -> 688.47222
A30: 3D | B30: =IF(B5=0,"",B$24/SUM($B$3:$B$8)*B5) -> 688.47222
A31: 3D1 | B31: =IF(B6=0,"",B$24/SUM($B$3:$B$8)*B6) -> 688.47222
A32: 3E | B32: =IF(B7=0,"",B$24/SUM($B$3:$B$8)*B7) -> 668.80159
A33: 3F | B33: =IF(B8=0,"",B$24/SUM($B$3:$B$8)*B8) -> 511.43651

Sheet Do wiadomości rodziców
C4: Ilość osób:
C5: Ilość osób w klasach | D5: =SUM(Podsumowanie!E2:E8) -> 233
C6: Ilość osób, które idę na studniówkę | D6: =SUM(Podsumowanie!B2:B8) -> 222
C7: Ilość osób towarzyszących | D7: =SUM(Podsumowanie!C2:C8) -> 141
C8: ilość uczniowie + osoby tow. | D8: =D6+D7 -> 363
A9: Umowa | B9: Zaliczka | C9: Ilość osób 3-cich (DJ, Foto, Goście,Rodzice) | D9: =Podsumowanie!B14 -> 30 | E9: do potwierdzenia
C11: Wydatki:
A12: TRUE | B12: TRUE | C12: Sala uczniowie (PortoFine) | D12: =Wydatki!F3 -> 98010 | E12: Zaliczka Michał Krzyszkowski
A13: TRUE | B13: TRUE | C13: Goście/pedagodzy/obsługa (PortoFine_na każde 100 osoób 10 jest za darmo na sali) | D13: =Wydatki!F4 -> 0
A14: TRUE | B14: TRUE | C14: DJ (Best Party Grupa Eventowa) | D14: =Wydatki!F5 -> 8000 | E14: Zaliczka Aneta Kanafa
A15: TRUE | B15: TRUE | C15: Fotograf (FVB) | D15: =Wydatki!F6 -> 12000 | E15: Zaliczka Michał Krzyszkowski
A16: TRUE | B16: TRUE | C16: Ścianka (Anna Muskała) | D16: =Wydatki!F7 -> 1400 | E16: Zaliczka Aneta Kanafa
A17: FALSE | B17: FALSE | C17: Opieka karetki | D17: =Wydatki!F8 -> 2000
A18: FALSE | B18: FALSE | C18: Ubezpieczenie | D18: =Wydatki!F9 -> 300
A19: FALSE | B19: FALSE | C19: Napoje gazowane [l] ->1,1l/os | D19: =Wydatki!F10 -> 3242.25
A20: FALSE | B20: FALSE | C20: Kwiaty dla Nauczycieli | D20: =Wydatki!F11 -> 840
A21: TRUE | B21: TRUE | C21: Polonez_nauka [h] (Verto) | D21: =Wydatki!F12 -> 1800 | E21: Zaliczka Aneta Kanafa
A22: FALSE | B22: FALSE | C22: Koszty dodatkowe(założyłem po 10 zł/os na nieprzewidziane wydatki) | D22: =Wydatki!F13 -> 2220
C23: Total | D23: =Wydatki!F14 -> 129812.25
C26: Składka:
C27: Składka per uczeń | D27: =Podsumowanie!B19 -> 430 | E27: =SUM(D27:D28) -> 700
C28: Składka per osoba towarzysząca | D28: =Podsumowanie!B20 -> 270
C31: Składki_status per klasa:
C32: Klasa | D32: Winno być | E32: Zebrane | F32: Delta
C33: 3A | D33: =SUMIFS('Lista uczniów_składki'!U:U,'Lista uczniów_składki'!C:C,'Do wiadomości rodziców'!C33) -> 22020 | E33: =SUMIFS('Lista uczniów_składki'!T:T,'Lista uczniów_składki'!C:C,'Do wiadomości rodziców'!C33) -> 7350 | F33: =E33-D33 -> -14670
C34: 3B | D34: =SUMIFS('Lista uczniów_składki'!U:U,'Lista uczniów_składki'!C:C,'Do wiadomości rodziców'!C34) -> 14640 | E34: =SUMIFS('Lista uczniów_składki'!T:T,'Lista uczniów_składki'!C:C,'Do wiadomości rodziców'!C34) -> 5300 | F34: =E34-D34 -> -9340
C35: 3C | D35: =SUMIFS('Lista uczniów_składki'!U:U,'Lista uczniów_składki'!C:C,'Do wiadomości rodziców'!C35) -> 20180 | E35: =SUMIFS('Lista uczniów_składki'!T:T,'Lista uczniów_składki'!C:C,'Do wiadomości rodziców'!C35) -> 10100 | F35: =E35-D35 -> -10080
C36: 3D | D36: =SUMIFS('Lista uczniów_składki'!U:U,'Lista uczniów_składki'!C:C,'Do wiadomości rodziców'!C36) -> 21530 | E36: =SUMIFS('Lista uczniów_składki'!T:T,'Lista uczniów_składki'!C:C,'Do wiadomości rodziców'!C36) -> 9050 | F36: =E36-D36 -> -12480
C37: 3D1 | D37: =SUMIFS('Lista uczniów_składki'!U:U,'Lista uczniów_składki'!C:C,'Do wiadomości rodziców'!C37) -> 18830 | E37: =SUMIFS('Lista uczniów_składki'!T:T,'Lista uczniów_składki'!C:C,'Do wiadomości rodziców'!C37) -> 10100 | F37: =E37-D37 -> -8730
C38: 3E | D38: =SUMIFS('Lista uczniów_składki'!U:U,'Lista uczniów_składki'!C:C,'Do wiadomości rodziców'!C38) -> 20830 | E38: =SUMIFS('Lista uczniów_składki'!T:T,'Lista uczniów_składki'!C:C,'Do wiadomości rodziców'!C38) -> 1700 | F38: =E38-D38 -> -19130
C39: 3F | D39: =SUMIFS('Lista uczniów_składki'!U:U,'Lista uczniów_składki'!C:C,'Do wiadomości rodziców'!C39) -> 15500 | E39: =SUMIFS('Lista uczniów_składki'!T:T,'Lista uczniów_składki'!C:C,'Do wiadomości rodziców'!C39) -> 1450 | F39: =E39-D39 -> -14050
C40: Total | D40: =SUBTOTAL(109,D33:D39) -> 133530 | E40: =SUBTOTAL(109,E33:E39) -> 45050 | F40: =SUBTOTAL(109,Table5[Delta]) -> -88480
C44: Środki u rodziców: | F44: =SUM(F46:F52) -> 14420
C45: Osoba | D45: Kwota | E45: Zaliczki | F45: Pozostaje
C46: Michał Krzyszkowski | D46: 5750 | E46: -4000 | F46: =SUM(D46:E46) -> 1750
C47: Aneta Kanafa | D47: 7350 | E47: -680 | F47: =SUM(D47:E47) -> 6670
C48: P. Katarzyna 4D1 | D48: 6000 | E48: 0 | F48: =SUM(D48:E48) -> 6000

Sheet Zadania
A1: Zadanie | B1: Kiedy? | C1: Kto? | D1: Wykonane?
A2: Nauka poloneza - kontakt | B2: 46275 | C2: Katarzyna 3D1 | D2: TRUE
A3: Potwierdzenie ilości osób do PortoFine | B3: 46401 | C3: Michał Krzyszkowski | D3: FALSE
A4: Potwierdzenie ilości osób wewnętrznie | B4: 46395 | C4: Michał Krzyszkowski | D4: FALSE
A5: Zakup kasetki na pieniądze | B5: 46254 | C5: Michał Krzyszkowski | D5: FALSE
A6: Zakup napojów gazowanych | B6: 46412 | C6: Do ustalenia | D6: FALSE
A7: Listy wpłat/wypłat_template | B7: 46185 | C7: Michał Krzyszkowski | D7: TRUE
A8: Zasady wpłat/wypłat | B8: 46192 | C8: Michał Krzyszkowski | D8: TRUE
A9: Ustalenie osób upoważnionych | B9: 46192 | C9: Cała grupa | D9: FALSE
A10: Zawiązanie komitetu | B10: 46267 | C10: Cała grupa | D10: FALSE
A11: Zaproszenie gości | B11: 46356 | C11: Uczniowie | D11: FALSE
D12: FALSE
D13: FALSE
D14: FALSE
D15: FALSE
D16: FALSE
D17: FALSE
D18: FALSE
D19: FALSE
D20: FALSE

Sheet Notes
B3: u mnie | C3: 5750 | D3: 3B->3C->3D1->część 3F
B4: Paulina Drozdek | C4: 500 | D4: 3F-resztka(500 zł)

Sheet Dashboard
AC5: Wydatki
AC6: Opis | AD6: Koszt | AE6: Zaliczka | AF6: Pozostało | AG6: Komentarz | AN6: KLASA | AO6: Zwrot per klasa
A7: Typ uczestnika | B7: Wysokosc skladki | H7: KLASA | I7: # UCZNIÓW (którzy idą) | J7: # OS. Tow. | K7: Składki_winno być | L7: Składki zebrane | M7: Delta | P7: ='Do wiadomości rodziców'!C31 -> Składki_status per klasa: | AC7: =Wydatki!A3 -> Sala uczniowie(PortoFine) | AD7: =Wydatki!F3 -> 98010 | AE7: =Wydatki!G3 -> 2000 | AF7: =Wydatki!H3 -> 96010 | AG7: =Wydatki!I3 -> Zaliczka Michał Krzyszkowski | AN7: =Podsumowanie!A27 -> 3A | AO7: =Podsumowanie!B27 -> 649.13095
A8: =Podsumowanie!A19 -> Składka na ucznia | B8: =Podsumowanie!B19 -> 430 | H8: =Podsumowanie!A2 -> 3A | I8: =Podsumowanie!B2 -> 33 | J8: =Podsumowanie!C2 -> 29 | K8: =Podsumowanie!J2 -> 22020 | L8: =Podsumowanie!K2 -> 7350 | M8: =Podsumowanie!L2 -> -14670 | P8: Klasa | Q8: Winno być | R8: Zebrane | S8: Delta | X8: Kolumna1 | Y8: Kolumna2 | AC8: =Wydatki!A4 -> Goście/pedagodzy/obsługa (PortoFine_na każde 100 osoób 10 jest za darmo na sali) | AD8: =Wydatki!F4 -> 0 | AE8: =Wydatki!G4 -> 0 | AF8: =Wydatki!H4 -> 0 | AG8: =Wydatki!I4 -> 0 | AN8: =Podsumowanie!A28 -> 3B | AO8: =Podsumowanie!B28 -> 472.09524
A9: =Podsumowanie!A20 -> Składka osoba towarzysząca | B9: =Podsumowanie!B20 -> 270 | H9: =Podsumowanie!A3 -> 3B | I9: =Podsumowanie!B3 -> 24 | J9: =Podsumowanie!C3 -> 16 | K9: =Podsumowanie!J3 -> 14640 | L9: =Podsumowanie!K3 -> 5300 | M9: =Podsumowanie!L3 -> -9340 | P9: ='Do wiadomości rodziców'!C33 -> 3A | Q9: ='Do wiadomości rodziców'!D33 -> 22020 | R9: ='Do wiadomości rodziców'!E33 -> 7350 | S9: ='Do wiadomości rodziców'!F33 -> -14670 | X9: ='Do wiadomości rodziców'!C6 -> Ilość osób, które idę na studniówkę | Y9: ='Do wiadomości rodziców'!D6 -> 222 | AC9: =Wydatki!A5 -> DJ (Best Party Grupa Eventowa) | AD9: =Wydatki!F5 -> 8000 | AE9: =Wydatki!G5 -> 400 | AF9: =Wydatki!H5 -> 7600 | AG9: =Wydatki!I5 -> Zaliczka Aneta Kanafa | AN9: =Podsumowanie!A29 -> 3C | AO9: =Podsumowanie!B29 -> 688.47222
H10: =Podsumowanie!A4 -> 3C | I10: =Podsumowanie!B4 -> 35 | J10: =Podsumowanie!C4 -> 19 | K10: =Podsumowanie!J4 -> 20180 | L10: =Podsumowanie!K4 -> 10100 | M10: =Podsumowanie!L4 -> -10080 | P10: ='Do wiadomości rodziców'!C34 -> 3B | Q10: ='Do wiadomości rodziców'!D34 -> 14640 | R10: ='Do wiadomości rodziców'!E34 -> 5300 | S10: ='Do wiadomości rodziców'!F34 -> -9340 | X10: ='Do wiadomości rodziców'!C7 -> Ilość osób towarzyszących | Y10: ='Do wiadomości rodziców'!D7 -> 141 | AC10: =Wydatki!A6 -> Fotograf(FVB) | AD10: =Wydatki!F6 -> 12000 | AE10: =Wydatki!G6 -> 2000 | AF10: =Wydatki!H6 -> 10000 | AG10: =Wydatki!I6 -> Zaliczka Michał Krzyszkowski | AN10: =Podsumowanie!A30 -> 3D | AO10: =Podsumowanie!B30 -> 688.47222
H11: =Podsumowanie!A5 -> 3D | I11: =Podsumowanie!B5 -> 35 | J11: =Podsumowanie!C5 -> 24 | K11: =Podsumowanie!J5 -> 21530 | L11: =Podsumowanie!K5 -> 9050 | M11: =Podsumowanie!L5 -> -12480 | P11: ='Do wiadomości rodziców'!C35 -> 3C | Q11: ='Do wiadomości rodziców'!D35 -> 20180 | R11: ='Do wiadomości rodziców'!E35 -> 10100 | S11: ='Do wiadomości rodziców'!F35 -> -10080 | X11: ='Do wiadomości rodziców'!C9 -> Ilość osób 3-cich (DJ, Foto, Goście,Rodzice) | Y11: ='Do wiadomości rodziców'!D9 -> 30 | AC11: =Wydatki!A7 -> Ścianka(Anna Muskała) | AD11: =Wydatki!F7 -> 1400 | AE11: =Wydatki!G7 -> 100 | AF11: =Wydatki!H7 -> 1300 | AG11: =Wydatki!I7 -> Zaliczka Aneta Kanafa | AN11: =Podsumowanie!A31 -> 3D1 | AO11: =Podsumowanie!B31 -> 688.47222
H12: =Podsumowanie!A6 -> 3D1 | I12: =Podsumowanie!B6 -> 35 | J12: =Podsumowanie!C6 -> 14 | K12: =Podsumowanie!J6 -> 18830 | L12: =Podsumowanie!K6 -> 10100 | M12: =Podsumowanie!L6 -> -8730 | P12: ='Do wiadomości rodziców'!C36 -> 3D | Q12: ='Do wiadomości rodziców'!D36 -> 21530 | R12: ='Do wiadomości rodziców'!E36 -> 9050 | S12: ='Do wiadomości rodziców'!F36 -> -12480 | AC12: =Wydatki!A8 -> Opieka karetki | AD12: =Wydatki!F8 -> 2000 | AE12: =Wydatki!G8 -> 0 | AF12: =Wydatki!H8 -> 2000 | AG12: =Wydatki!I8 -> 0 | AN12: =Podsumowanie!A32 -> 3E | AO12: =Podsumowanie!B32 -> 668.80159
H13: =Podsumowanie!A7 -> 3E | I13: =Podsumowanie!B7 -> 34 | J13: =Podsumowanie!C7 -> 23 | K13: =Podsumowanie!J7 -> 20830 | L13: =Podsumowanie!K7 -> 1700 | M13: =Podsumowanie!L7 -> -19130 | P13: ='Do wiadomości rodziców'!C37 -> 3D1 | Q13: ='Do wiadomości rodziców'!D37 -> 18830 | R13: ='Do wiadomości rodziców'!E37 -> 10100 | S13: ='Do wiadomości rodziców'!F37 -> -8730 | AC13: =Wydatki!A9 -> Ubezpieczenie | AD13: =Wydatki!F9 -> 300 | AE13: =Wydatki!G9 -> 0 | AF13: =Wydatki!H9 -> 300 | AG13: =Wydatki!I9 -> 0 | AN13: =Podsumowanie!A33 -> 3F | AO13: =Podsumowanie!B33 -> 511.43651
H14: =Podsumowanie!A8 -> 3F | I14: =Podsumowanie!B8 -> 26 | J14: =Podsumowanie!C8 -> 16 | K14: =Podsumowanie!J8 -> 15500 | L14: =Podsumowanie!K8 -> 1450 | M14: =Podsumowanie!L8 -> -14050 | P14: ='Do wiadomości rodziców'!C38 -> 3E | Q14: ='Do wiadomości rodziców'!D38 -> 20830 | R14: ='Do wiadomości rodziców'!E38 -> 1700 | S14: ='Do wiadomości rodziców'!F38 -> -19130 | AC14: =Wydatki!A10 -> Napoje gazowane [l] ->1,1l/os | AD14: =Wydatki!F10 -> 3242.25 | AE14: =Wydatki!G10 -> 0 | AF14: =Wydatki!H10 -> 3242.25 | AG14: =Wydatki!I10 -> 0
P15: ='Do wiadomości rodziców'!C39 -> 3F | Q15: ='Do wiadomości rodziców'!D39 -> 15500 | R15: ='Do wiadomości rodziców'!E39 -> 1450 | S15: ='Do wiadomości rodziców'!F39 -> -14050 | AC15: =Wydatki!A11 -> Kwiaty dla Nauczycieli | AD15: =Wydatki!F11 -> 840 | AE15: =Wydatki!G11 -> 0 | AF15: =Wydatki!H11 -> 840 | AG15: =Wydatki!I11 -> 0
P16: ='Do wiadomości rodziców'!C40 -> Total | Q16: ='Do wiadomości rodziców'!D40 -> 133530 | R16: ='Do wiadomości rodziców'!E40 -> 45050 | S16: ='Do wiadomości rodziców'!F40 -> -88480 | AC16: =Wydatki!A12 -> Polonez_nauka [h] (Verto) | AD16: =Wydatki!F12 -> 1800 | AE16: =Wydatki!G12 -> 180 | AF16: =Wydatki!H12 -> 1620 | AG16: =Wydatki!I12 -> Zaliczka Aneta Kanafa
AC17: =Wydatki!A13 -> Koszty dodatkowe | AD17: =Wydatki!F13 -> 2220 | AE17: =Wydatki!G13 -> 75.85 | AF17: =Wydatki!H13 -> 2144.15 | AG17: =Wydatki!I13 -> zakup Kasetki na pieniądze 75.85 (zapłacone)-> Zaiks i inne 1100 zł(do opłacenia)
AD18: =Wydatki!F14 -> 129812.25 | AE18: =Wydatki!G14 -> 4755.85 | AF18: =Wydatki!H14 -> 125056.4

Sheet Ankieta#1_13.04.26
A1: ID | B1: Godzina rozpoczęcia | C1: Godzina ukończenia | D1: Adres e-mail | E1: Imię | F1: Nazwisko | G1: Klasa | H1: Czy będziesz uczestniczył/uczestniczyła w Studniówce? | I1: Czy idziesz z osobą towarzyszącą?
A2: 1 | B2: 46125.645 | C2: 46125.646 | D2: anonimowe | E2: Daria | F2: Rząsowska | G2: 3E | H2: Tak | I2: Tak | K2: =F2&E2 -> RząsowskaDaria | M2: =COUNTIF($K$2:$K$266,K2) -> 1
A3: =A2+1 -> 2 | B3: 46125.647 | C3: 46125.647 | D3: anonimowe | E3: Martyna | F3: Szwejda | G3: 3E | H3: Tak | I3: Tak | K3: =F3&E3 -> SzwejdaMartyna | M3: =COUNTIF($K$2:$K$266,K3) -> 1
A4: =A3+1 -> 3 | B4: 46125.649 | C4: 46125.649 | D4: anonimowe | E4: Mikołaj | F4: Surosz | G4: 3D1 | H4: Tak | I4: Nie | K4: =F4&E4 -> SuroszMikołaj | M4: =COUNTIF($K$2:$K$266,K4) -> 1
A5: =A4+1 -> 4 | B5: 46125.65 | C5: 46125.65 | D5: anonimowe | E5: Aleksandra | F5: Hofman | G5: 3E | H5: Tak | I5: Tak | K5: =F5&E5 -> HofmanAleksandra | M5: =COUNTIF($K$2:$K$266,K5) -> 1
A6: =A5+1 -> 5 | B6: 46125.652 | C6: 46125.653 | D6: anonimowe | E6: Patrycja | F6: Dworak | G6: 3E | H6: Tak | I6: Tak | K6: =F6&E6 -> DworakPatrycja | M6: =COUNTIF($K$2:$K$266,K6) -> 1
A7: =A6+1 -> 6 | B7: 46125.658 | C7: 46125.658 | D7: anonimowe | E7: Lena | F7: Krzyszkowska | G7: 3D1 | H7: Tak | I7: Tak | K7: =F7&E7 -> KrzyszkowskaLena | M7: =COUNTIF($K$2:$K$266,K7) -> 1
A8: =A7+1 -> 7 | B8: 46125.67 | C8: 46125.671 | D8: anonimowe | E8: Aleksandra | F8: Alama | G8: 3E | H8: Tak | I8: Tak | K8: =F8&E8 -> AlamaAleksandra | M8: =COUNTIF($K$2:$K$266,K8) -> 1
A9: =A8+1 -> 8 | B9: 46125.677 | C9: 46125.677 | D9: anonimowe | E9: Alan | F9: Półrola | G9: 3D1 | H9: Tak | I9: Nie | K9: =F9&E9 -> PółrolaAlan | M9: =COUNTIF($K$2:$K$266,K9) -> 1
A10: =A9+1 -> 9 | B10: 46125.683 | C10: 46125.683 | D10: anonimowe | E10: Jakub | F10: Berski | G10: 3D1 | H10: Tak | I10: Tak | K10: =F10&E10 -> BerskiJakub | M10: =COUNTIF($K$2:$K$266,K10) -> 1
A11: =A10+1 -> 10 | B11: 46125.697 | C11: 46125.697 | D11: anonimowe | E11: Weronika | F11: Ciupa | G11: 3E | H11: Tak | I11: Tak | K11: =F11&E11 -> CiupaWeronika | M11: =COUNTIF($K$2:$K$266,K11) -> 1
A12: =A11+1 -> 11 | B12: 46125.702 | C12: 46125.702 | D12: anonimowe | E12: Zofia | F12: Zawalska | G12: 3D1 | H12: Tak | I12: Nie | K12: =F12&E12 -> ZawalskaZofia | M12: =COUNTIF($K$2:$K$266,K12) -> 1
A13: =A12+1 -> 12 | B13: 46125.722 | C13: 46125.722 | D13: anonimowe | E13: Roksana | F13: Rosik | G13: 3E | H13: Tak | I13: Tak | K13: =F13&E13 -> RosikRoksana | M13: =COUNTIF($K$2:$K$266,K13) -> 1
A14: =A13+1 -> 13 | B14: 46125.762 | C14: 46125.762 | D14: anonimowe | E14: Wiktoria | F14: Warda | G14: 3B | H14: Tak | I14: Tak | K14: =F14&E14 -> WardaWiktoria | M14: =COUNTIF($K$2:$K$266,K14) -> 1
... A234: =A233+1 -> 233 | B234: 46175.877 | C234: 46175.877 | D234: anonimowe | E234: Jan | F234: Domański | G234: 3E | H234: Nie | I234: Nie | K234: =F234&E234 -> DomańskiJan | M234: =COUNTIF($K$2:$K$266,K234) -> 1
